const uint8_t binary_limine_hdd_bin_data[] = {
    0xeb, 0x3c, 0x90, 0x4c, 0x49, 0x4d, 0x49, 0x4e, 0x45, 0x20, 0x20, 0x00, 0x02, 0x00, 0x00, 0x00,
    0x00, 0x00, 0x00, 0x00, 0x00, 0x00, 0x00, 0x00, 0x12, 0x00, 0x02, 0x00, 0x00, 0x00, 0x00, 0x00,
    0x00, 0x00, 0x00, 0x00, 0x00, 0x00, 0x00, 0x00, 0x00, 0x00, 0x00, 0x4c, 0x49, 0x4d, 0x49, 0x4e,
    0x45, 0x20, 0x20, 0x20, 0x20, 0x20, 0x00, 0x00, 0x00, 0x00, 0x00, 0x00, 0x00, 0x00, 0xfa, 0xfc,
    0xea, 0x45, 0x7c, 0x00, 0x00, 0x31, 0xf6, 0x8e, 0xde, 0x8e, 0xc6, 0x8e, 0xd6, 0xbc, 0x00, 0x7c,
    0xfb, 0x80, 0xfa, 0x80, 0x0f, 0x82, 0x1a, 0x01, 0x80, 0xfa, 0x8f, 0x0f, 0x87, 0x12, 0x01, 0xb4,
    0x41, 0xbb, 0xaa, 0x55, 0xcd, 0x13, 0x0f, 0x82, 0x06, 0x01, 0x81, 0xfb, 0x55, 0xaa, 0x0f, 0x85,
    0xfd, 0x00, 0x68, 0x00, 0x70, 0x07, 0xbf, 0xa4, 0x7d, 0x66, 0x8b, 0x05, 0x66, 0x8b, 0x6d, 0x04,
    0x31, 0xdb, 0x66, 0xb9, 0x00, 0x7e, 0x00, 0x00, 0xe8, 0x55, 0x00, 0x0f, 0x82, 0xdf, 0x00, 0x0f,
    0x01, 0x16, 0x58, 0x7d, 0xfa, 0x66, 0x6a, 0x00, 0x66, 0xbd, 0x10, 0x00, 0x00, 0x00, 0x0f, 0x20,
    0xc0, 0x0f, 0xba, 0xe8, 0x00, 0x0f, 0x22, 0xc0, 0xea, 0x83, 0x7d, 0x08, 0x00, 0x00, 0x00, 0x00,
    0x00, 0x00, 0x00, 0x00, 0x00, 0x00, 0x00, 0x00, 0x00, 0x00, 0x00, 0x00, 0x00, 0x00, 0x00, 0x00,
    0x00, 0x00, 0x00, 0x00, 0x00, 0x00, 0x00, 0x00, 0x00, 0x00, 0x00, 0x00, 0x00, 0x00, 0x00, 0x00,
    0x00, 0x00, 0x00, 0x00, 0x00, 0x00, 0x00, 0x00, 0x00, 0x00, 0x00, 0x00, 0x00, 0x00, 0x00, 0x00,
    0x60, 0xbe, 0x00, 0x80, 0x66, 0xc7, 0x04, 0x10, 0x00, 0x01, 0x00, 0x89, 0x5c, 0x04, 0x8c, 0x44,
    0x06, 0x52, 0x56, 0x66, 0x50, 0x66, 0x55, 0xb4, 0x48, 0xbe, 0x10, 0x80, 0xc7, 0x04, 0x1e, 0x00,
    0xcd, 0x13, 0x72, 0x4e, 0x66, 0x0f, 0xb7, 0x6c, 0x18, 0x91, 0x66, 0xc1, 0xe9, 0x10, 0x89, 0xca,
    0x31, 0xc9, 0xf7, 0xf5, 0x85, 0xd2, 0x0f, 0x95, 0xc1, 0x01, 0xc1, 0x66, 0x5a, 0x66, 0x58, 0x5e,
    0x66, 0x50, 0x66, 0x92, 0x66, 0x31, 0xd2, 0x66, 0xf7, 0xf5, 0x66, 0x93, 0x66, 0x58, 0x66, 0xf7,
    0xf5, 0x66, 0x89, 0x44, 0x08, 0x66, 0x89, 0x5c, 0x0c, 0x5a, 0xb4, 0x42, 0xf8, 0xcd, 0x13, 0x72,
    0x15, 0x01, 0x6c, 0x04, 0x66, 0x83, 0x44, 0x08, 0x01, 0x66, 0x83, 0x54, 0x0c, 0x00, 0xe2, 0xea,
    0xeb, 0x04, 0x83, 0xc4, 0x0c, 0xf9, 0x61, 0xc3, 0x17, 0x00, 0x56, 0x7d, 0x00, 0x00, 0xff, 0xff,
    0x00, 0x00, 0x00, 0x9b, 0xcf, 0x00, 0xff, 0xff, 0x00, 0x00, 0x00, 0x93, 0xcf, 0x00, 0x46, 0x46,
    0x46, 0x46, 0x81, 0xc6, 0x30, 0x4f, 0x68, 0x00, 0xb8, 0x07, 0x26, 0x89, 0x36, 0x00, 0x00, 0xfb,
    0xf4, 0xeb, 0xfd, 0x8e, 0xdd, 0x8e, 0xc5, 0x8e, 0xe5, 0x8e, 0xed, 0x8e, 0xd5, 0x81, 0xe2, 0xff,
    0x00, 0x00, 0x00, 0x52, 0x68, 0x6d, 0x56, 0x00, 0x00, 0x68, 0xf0, 0x00, 0x07, 0x00, 0xe8, 0x5d,
    0x82, 0x06, 0x00, 0x00, 0x00, 0x00, 0x00, 0x00, 0x00, 0x00, 0x00, 0x00, 0x00, 0x00, 0x00, 0x00,
    0x00, 0x00, 0x00, 0x00, 0x00, 0x00, 0x00, 0x00, 0x00, 0x00, 0x00, 0x00, 0x00, 0x00, 0x00, 0x00,
    0x00, 0x00, 0x00, 0x00, 0x00, 0x00, 0x00, 0x00, 0x00, 0x00, 0x00, 0x00, 0x00, 0x00, 0x00, 0x00,
    0x00, 0x00, 0x00, 0x00, 0x00, 0x00, 0x00, 0x00, 0x00, 0x00, 0x00, 0x00, 0x00, 0x00, 0x00, 0x00,
    0x00, 0x00, 0x00, 0x00, 0x00, 0x00, 0x00, 0x00, 0x00, 0x00, 0x00, 0x00, 0x00, 0x00, 0x00, 0x00,
    0x00, 0x00, 0x00, 0x00, 0x00, 0x00, 0x00, 0x00, 0x00, 0x00, 0x00, 0x00, 0x00, 0x00, 0x55, 0xaa,
    0xfc, 0x8b, 0x5c, 0x24, 0x04, 0x8b, 0x2b, 0x8d, 0x53, 0x04, 0x03, 0x5c, 0x24, 0x08, 0xbf, 0x00,
    0xf0, 0x00, 0x00, 0x0f, 0xb6, 0x0a, 0x8d, 0x72, 0x01, 0x89, 0xc8, 0xc1, 0xe9, 0x03, 0x83, 0xe1,
    0x0f, 0x83, 0xf9, 0x0f, 0x75, 0x0a, 0x0f, 0xb6, 0x4a, 0x01, 0x8d, 0x72, 0x02, 0x83, 0xc1, 0x0f,
    0xf3, 0xa4, 0x39, 0xde, 0x73, 0x35, 0x84, 0xc0, 0x79, 0x08, 0x8d, 0x56, 0x02, 0x0f, 0xb7, 0x36,
    0xeb, 0x06, 0x8d, 0x56, 0x01, 0x0f, 0xb6, 0x36, 0x24, 0x07, 0x3c, 0x07, 0x74, 0x05, 0x0f, 0xb6,
    0xc0, 0xeb, 0x07, 0x0f, 0xb6, 0x02, 0x42, 0x83, 0xc0, 0x07, 0x89, 0xf9, 0x29, 0xf1, 0x89, 0xce,
    0x8d, 0x48, 0x04, 0xf3, 0xa4, 0x39, 0xda, 0x73, 0x02, 0xeb, 0xa8, 0xba, 0x00, 0xf0, 0x00, 0x00,
    0x89, 0xd6, 0x31, 0xc0, 0x48, 0x39, 0xfa, 0x74, 0x22, 0x8d, 0x4a, 0x01, 0x0f, 0xb6, 0x12, 0x31,
    0xd0, 0x6a, 0x08, 0x5a, 0x89, 0xc3, 0x83, 0xe0, 0x01, 0xd1, 0xeb, 0xf7, 0xd8, 0x25, 0x20, 0x83,
    0xb8, 0xed, 0x31, 0xd8, 0x4a, 0x75, 0xed, 0x89, 0xca, 0xeb, 0xda, 0xf7, 0xd0, 0x39, 0xe8, 0x75,
    0x12, 0x0f, 0xb6, 0x44, 0x24, 0x0c, 0x8b, 0x4c, 0x24, 0x10, 0x89, 0xf4, 0x31, 0xed, 0x51, 0x50,
    0x55, 0x56, 0xc3, 0xba, 0xd4, 0x00, 0x07, 0x00, 0xb8, 0x00, 0x80, 0x0b, 0x00, 0x0f, 0xb6, 0x0a,
    0x83, 0xc0, 0x02, 0x42, 0x80, 0xcd, 0x4f, 0x66, 0x89, 0x48, 0xfe, 0x3d, 0x2c, 0x80, 0x0b, 0x00,
    0x75, 0xeb, 0xfa, 0xf4, 0x6c, 0x69, 0x6d, 0x69, 0x6e, 0x65, 0x20, 0x69, 0x6e, 0x74, 0x65, 0x67,
    0x72, 0x69, 0x74, 0x79, 0x20, 0x65, 0x72, 0x72, 0x6f, 0x72, 0x90, 0x90, 0x90, 0x90, 0x90, 0x90,
    0x21, 0x00, 0xa4, 0xd6, 0x78, 0x00, 0xfc, 0x30, 0xc0, 0xbf, 0x08, 0x93, 0x05, 0x00, 0xb9, 0xb8,
    0x2e, 0x06, 0x00, 0x81, 0xe9, 0x0b, 0x7c, 0x16, 0xf3, 0xaa, 0x0f, 0x01, 0x15, 0xab, 0xf0, 0x00,
    0x00, 0xea, 0x23, 0xf0, 0x00, 0x00, 0x18, 0x00, 0xb8, 0x20, 0x00, 0x00, 0x00, 0x8e, 0xd8, 0x8e,
    0xc0, 0x8e, 0xe0, 0x8e, 0xe8, 0x8e, 0xd0, 0xe9, 0x29, 0x0d, 0x00, 0x00, 0xcc, 0x01, 0x78, 0x14,
    0x55, 0x89, 0xe5, 0x56, 0x83, 0xec, 0x06, 0x89, 0xd6, 0x66, 0xc7, 0x45, 0xf6, 0xff, 0x03, 0xc7,
    0x45, 0xf8, 0x00, 0x00, 0x00, 0x00, 0x8d, 0x45, 0xf6, 0x89, 0xca, 0xfa, 0xfc, 0xbc, 0x00, 0x7c,
    0x00, 0x00, 0xbf, 0x05, 0x7e, 0x05, 0xb9, 0x00, 0x02, 0x00, 0x00, 0xf3, 0xa4, 0x0f, 0x01, 0x18,
    0x6a, 0x08, 0x68, 0x79, 0xf0, 0x00, 0x00, 0xcb, 0xb8, 0x10, 0x54, 0x7e, 0x06, 0xd0, 0x0f, 0x20,
    0xc0, 0x24, 0xfe, 0x0f, 0x22, 0xc0, 0x66, 0xb8, 0x98, 0xf0, 0x00, 0x00, 0x6a, 0x00, 0x50, 0xcb,
    0x31, 0xc0, 0x1e, 0x68, 0xfb, 0x6a, 0x00, 0x68, 0x00, 0x7c, 0xcb, 0x47, 0x00, 0x68, 0x62, 0x01,
    0x00, 0x5f, 0x2a, 0xff, 0x00, 0x9c, 0x2d, 0x06, 0x84, 0x20, 0x0f, 0x01, 0x1d, 0xfa, 0xab, 0x37,
    0xce, 0xf0, 0x00, 0x00, 0x08, 0x00, 0x55, 0x05, 0x67, 0x0f, 0xba, 0xf0, 0x00, 0x0f, 0x22, 0xc0,
    0xea, 0xea, 0xf0, 0x00, 0x00, 0x52, 0x02, 0x28, 0xf4, 0xeb, 0xfd, 0xff, 0x03, 0xaa, 0x7a, 0x00,
    0x8a, 0x44, 0x24, 0x04, 0xa2, 0x83, 0xf1, 0x00, 0x00, 0x8b, 0x44, 0x24, 0x08, 0xa3, 0xf4, 0x09,
    0x51, 0x0c, 0xa3, 0xf8, 0xf1, 0x00, 0x00, 0x0f, 0x01, 0x05, 0xfc, 0x07, 0x18, 0x0d, 0x04, 0xf2,
    0x0e, 0x60, 0x1d, 0x0c, 0xf2, 0x00, 0x00, 0x53, 0x56, 0x57, 0x55, 0xea, 0x3b, 0xf1, 0x6d, 0x07,
    0xc2, 0x0a, 0x19, 0xea, 0x55, 0xf1, 0x6b, 0x78, 0x14, 0xd0, 0x36, 0x66, 0x89, 0x26, 0xf0, 0xf1,
    0x36, 0x66, 0x8b, 0x26, 0xf8, 0xf1, 0x0f, 0xa9, 0x0f, 0xa1, 0x07, 0x1f, 0x66, 0x9d, 0x66, 0x5d,
    0x66, 0x5f, 0x66, 0x5e, 0x66, 0x5a, 0x66, 0x59, 0x66, 0x5b, 0x66, 0x58, 0x1c, 0x36, 0xf0, 0xf1,
    0xfb, 0xcd, 0x00, 0xfa, 0x2c, 0x78, 0x0f, 0xf4, 0xf1, 0x66, 0x67, 0x8d, 0x64, 0x24, 0x28, 0x66,
    0x50, 0x66, 0x53, 0x66, 0x51, 0x66, 0x52, 0x66, 0x56, 0x66, 0x57, 0x66, 0x55, 0x66, 0x9c, 0x1e,
    0x06, 0x0f, 0xa0, 0x0f, 0xa8, 0x32, 0x00, 0x28, 0x21, 0x0f, 0x01, 0x16, 0xfc, 0x07, 0x40, 0x1e,
    0x04, 0xf2, 0x0f, 0x20, 0xc0, 0x0c, 0x01, 0x79, 0xbe, 0xce, 0xf1, 0x18, 0x00, 0x66, 0xb8, 0x20,
    0x01, 0x01, 0x3f, 0xd0, 0x5d, 0x5f, 0x5e, 0x5b, 0xc3, 0x90, 0x01, 0x03, 0x0f, 0x00, 0x01, 0x10,
    0x80, 0x12, 0x01, 0x06, 0x15, 0xf8, 0x00, 0x9c, 0x2e, 0x66, 0xff, 0x06, 0x12, 0xf2, 0x9d, 0x2e,
    0xff, 0x2e, 0x16, 0xf2, 0x8b, 0x15, 0x05, 0x02, 0x40, 0x89, 0x15, 0x16, 0xf2, 0x00, 0x00, 0xc7,
    0x05, 0x0c, 0xc0, 0x1a, 0xf2, 0x00, 0x00, 0x8b, 0x54, 0x24, 0x04, 0x38, 0x01, 0x18, 0xa2, 0x8d,
    0xf3, 0x17, 0x10, 0x12, 0xf2, 0x4d, 0x81, 0x39, 0x01, 0x91, 0x6b, 0xf3, 0x39, 0x01, 0x09, 0x73,
    0x07, 0x9b, 0x1d, 0x7b, 0xf3, 0x39, 0x01, 0x97, 0x74, 0xf2, 0x39, 0x01, 0x0f, 0x97, 0x8e, 0xf2,
    0xa4, 0x01, 0x04, 0x40, 0xc6, 0x06, 0x81, 0xf3, 0x00, 0xc6, 0x06, 0x85, 0x05, 0x08, 0x89, 0x0a,
    0x78, 0x0a, 0x8e, 0xf3, 0x00, 0x66, 0x39, 0x16, 0x12, 0xf2, 0x74, 0x44, 0x80, 0x3e, 0x8d, 0xf3,
    0x00, 0x74, 0x0f, 0xe4, 0x64, 0x24, 0x21, 0x3c, 0x21, 0x75, 0x07, 0x1b, 0x98, 0x01, 0xeb, 0x2e,
    0x31, 0x01, 0xb0, 0xb4, 0x01, 0x30, 0xc0, 0xcd, 0x16, 0x63, 0x01, 0x78, 0x07, 0x74, 0xd3, 0x31,
    0xc0, 0xcd, 0x16, 0xa2, 0x85, 0xf3, 0x88, 0x26, 0x89, 0xf3, 0xb8, 0x00, 0x02, 0xcd, 0x16, 0xa8,
    0x04, 0x74, 0x0a, 0x55, 0xb9, 0x04, 0x80, 0x06, 0x85, 0xf3, 0x60, 0xfa, 0x48, 0x01, 0x91, 0x6b,
    0xf3, 0x48, 0x01, 0xf8, 0x0f, 0x73, 0xf3, 0x0f, 0x20, 0xc3, 0x80, 0xcb, 0x01, 0x0f, 0x22, 0xc3,
    0xea, 0x17, 0xf3, 0x18, 0x00, 0x66, 0xbb, 0x20, 0x00, 0x8e, 0xdb, 0x8e, 0xc3, 0x8e, 0xe3, 0x8e,
    0xeb, 0x8e, 0xd3, 0x49, 0x01, 0x09, 0x8b, 0xfc, 0x89, 0x89, 0x08, 0x01, 0x60, 0x80, 0x3d, 0x8e,
    0xf3, 0x00, 0x00, 0x00, 0x75, 0x24, 0x80, 0x3d, 0x89, 0x09, 0x59, 0x74, 0x21, 0xff, 0x35, 0x81,
    0xf3, 0x00, 0x00, 0xff, 0x35, 0x85, 0x06, 0x00, 0x15, 0xff, 0x03, 0xe8, 0x22, 0x75, 0x01, 0x00,
    0x83, 0xc4, 0x0c, 0xc3, 0xb8, 0x9c, 0xff, 0xff, 0xff, 0xc3, 0x31, 0xc0, 0xc3, 0x6f, 0x01, 0x0f,
    0x06, 0x06, 0xf9, 0x01, 0xcc, 0x8b, 0x44, 0x24, 0x04, 0xa3, 0x30, 0xf4, 0x00, 0x00, 0xc3, 0x0f,
    0x01, 0x05, 0x34, 0xf4, 0x7f, 0x02, 0x09, 0x3c, 0x07, 0x9a, 0x1d, 0x44, 0xf4, 0x7f, 0x02, 0xbf,
    0x8d, 0x6c, 0x24, 0x14, 0xea, 0xbe, 0xf3, 0x83, 0x02, 0x0f, 0x92, 0xd8, 0xf3, 0x83, 0x02, 0x84,
    0x0b, 0x03, 0x78, 0x04, 0xfb, 0xff, 0x76, 0x04, 0xff, 0x76, 0x08, 0xff, 0x76, 0x00, 0xff, 0x1e,
    0x30, 0xf4, 0x83, 0xc4, 0x06, 0xfa, 0x2e, 0xfb, 0x10, 0x34, 0xf4, 0x07, 0x1e, 0x1e, 0x3c, 0xf4,
    0xfb, 0x17, 0x12, 0xf4, 0xfb, 0x05, 0xae, 0x25, 0xff, 0xff, 0x00, 0x00, 0x49, 0x02, 0x8f, 0x90,
    0x38, 0x02, 0x0f, 0xf8, 0x03, 0x55, 0x89, 0xe5, 0x53, 0x57, 0x56, 0x83, 0xec, 0x0c, 0x8b, 0x75,
    0x14, 0x0f, 0xbd, 0x45, 0x10, 0xb9, 0x3f, 0x0b, 0x02, 0x79, 0x1f, 0x44, 0xc1, 0x83, 0xf0, 0x1f,
    0x83, 0xc0, 0x20, 0x0f, 0xbd, 0xd6, 0x83, 0xf2, 0x1f, 0x85, 0xf6, 0x0f, 0x44, 0xd0, 0x89, 0xd0,
    0x8b, 0x55, 0x08, 0x89, 0xd3, 0x0f, 0xbd, 0xd2, 0x0f, 0x44, 0xd1, 0x83, 0xf2, 0x1f, 0x83, 0xc2,
    0x20, 0x8b, 0x75, 0x0c, 0x0f, 0xbd, 0xce, 0x83, 0xf1, 0x21, 0xf1, 0xca, 0x89, 0xc2, 0x89, 0x4d,
    0xec, 0x29, 0xca, 0x31, 0xc9, 0x83, 0xfa, 0x3f, 0xbf, 0x51, 0x02, 0x90, 0x87, 0x9e, 0x6f, 0x01,
    0xa8, 0x07, 0x89, 0xd9, 0xe9, 0x93, 0x87, 0x02, 0xf9, 0x07, 0xd1, 0xfe, 0xc1, 0x89, 0xdf, 0x0f,
    0xad, 0xf7, 0x89, 0x55, 0xf0, 0x89, 0xf2, 0xd3, 0xea, 0xf6, 0xc1, 0x20, 0x0f, 0x45, 0xfa, 0xb9,
    0x7b, 0x02, 0xf8, 0x08, 0x45, 0xd1, 0xb1, 0x3f, 0x2a, 0x4d, 0xf0, 0x0f, 0xa5, 0xde, 0xd3, 0xe3,
    0xf6, 0xc1, 0x20, 0x89, 0xd9, 0x0f, 0x45, 0xf3, 0xc7, 0x45, 0xf0, 0xeb, 0x03, 0x0a, 0xbb, 0x21,
    0x78, 0x3f, 0xcb, 0xf7, 0xd0, 0x03, 0x45, 0xec, 0x89, 0x45, 0xe8, 0x31, 0xdb, 0x0f, 0xa4, 0xfa,
    0x01, 0x0f, 0xa4, 0xf7, 0x01, 0x0f, 0xa4, 0xce, 0x01, 0x0b, 0x75, 0xf0, 0x8d, 0x0c, 0x4b, 0x89,
    0x4d, 0xec, 0x89, 0xd1, 0xf7, 0xd1, 0x89, 0xfb, 0xf7, 0xd3, 0x8b, 0x45, 0x10, 0x01, 0xc3, 0x8b,
    0x45, 0x14, 0x11, 0xc1, 0x89, 0xcb, 0xc1, 0xeb, 0x1f, 0xc1, 0xf9, 0x1f, 0x89, 0xc8, 0x23, 0x45,
    0x14, 0x23, 0x4d, 0x10, 0x29, 0xcf, 0x8b, 0x4d, 0xec, 0x19, 0xc2, 0xff, 0x45, 0xe8, 0x75, 0xbd,
    0x3b, 0x00, 0x38, 0xec, 0xf7, 0x89, 0xc8, 0x89, 0xfa, 0x83, 0xc4, 0x0c, 0x5e, 0x5f, 0x5b, 0x5d,
    0xc3, 0x0b, 0x01, 0xca, 0x10, 0x8b, 0x55, 0x14, 0x0f, 0xbd, 0x4d, 0x10, 0xb8, 0x0b, 0x01, 0x7c,
    0x07, 0xc8, 0x83, 0xf1, 0x1f, 0x83, 0xc1, 0x20, 0x0f, 0xbd, 0xda, 0x83, 0xf3, 0x1f, 0x85, 0xd2,
    0x0f, 0x44, 0xd9, 0x0f, 0xbd, 0x4d, 0x08, 0x18, 0x82, 0x05, 0x01, 0x99, 0xfe, 0x83, 0xf7, 0x05,
    0x01, 0xf8, 0x03, 0xf9, 0x89, 0xd9, 0x29, 0xf9, 0x83, 0xf9, 0x3f, 0x76, 0x0a, 0x8b, 0x45, 0x08,
    0x89, 0xf2, 0xe9, 0xa6, 0x00, 0x57, 0x04, 0xa1, 0x83, 0xf9, 0x3f, 0xba, 0x62, 0x03, 0x90, 0x84,
    0x96, 0x8f, 0x03, 0xfe, 0x01, 0x5d, 0xf0, 0x89, 0xcb, 0xfe, 0xc1, 0x89, 0x7d, 0xe8, 0x8b, 0x7d,
    0x08, 0x89, 0xf8, 0x0f, 0xad, 0x0e, 0x01, 0x8e, 0xc2, 0x0e, 0x01, 0xfe, 0x04, 0x28, 0xd9, 0x0f,
    0xa5, 0xfe, 0xd3, 0xe7, 0xf6, 0xc1, 0x20, 0x8b, 0x4d, 0xf0, 0x0f, 0x45, 0xf7, 0xc7, 0x45, 0xe4,
    0x0e, 0x01, 0xfa, 0x0b, 0x45, 0xfb, 0x89, 0x7d, 0xec, 0xf7, 0xd1, 0x03, 0x4d, 0xe8, 0x31, 0xdb,
    0x89, 0x4d, 0xf0, 0x0f, 0xa4, 0xc2, 0x01, 0x0f, 0xa4, 0xf0, 0x01, 0x8b, 0x4d, 0xec, 0x14, 0x01,
    0x8e, 0xe4, 0x14, 0x01, 0xf5, 0x89, 0xc3, 0xf7, 0xd3, 0x8b, 0x7d, 0x10, 0x01, 0xfb, 0x8b, 0x7d,
    0x14, 0x11, 0xf9, 0x14, 0x01, 0x99, 0xcf, 0x23, 0x7d, 0x14, 0x01, 0xe7, 0xc8, 0x8b, 0x4d, 0xf0,
    0x19, 0xfa, 0x41, 0x75, 0xb9, 0x83, 0xc4, 0x10, 0x05, 0x01, 0x02, 0xf8, 0x10, 0x38, 0x8b, 0x7d,
    0x18, 0x8b, 0x45, 0x08, 0x8b, 0x40, 0x14, 0x0f, 0xaf, 0xc7, 0x3d, 0x01, 0x80, 0x00, 0x00, 0x0f,
    0x83, 0xb8, 0x00, 0x00, 0x00, 0x8b, 0x55, 0x14, 0x8b, 0x5d, 0x10, 0xa1, 0x7d, 0x06, 0xa0, 0x85,
    0xc0, 0x75, 0x18, 0xe4, 0x05, 0x78, 0x01, 0x80, 0x00, 0x00, 0x89, 0xd6, 0xe8, 0xf5, 0x3d, 0x00,
    0x00, 0x89, 0xf2, 0x83, 0xc4, 0x08, 0xa3, 0x1c, 0xf8, 0x1f, 0x8d, 0x75, 0xe4, 0x66, 0xc7, 0x06,
    0x10, 0x00, 0x66, 0x89, 0x7e, 0x02, 0x89, 0xc1, 0xc1, 0xe9, 0x04, 0x66, 0x89, 0x4e, 0x06, 0x83,
    0xe0, 0x0f, 0x66, 0x89, 0x46, 0x04, 0x89, 0x5e, 0x08, 0x89, 0x56, 0x0c, 0x8d, 0x5d, 0xbc, 0x6a,
    0x24, 0x6a, 0x00, 0x53, 0xe8, 0x24, 0x23, 0x00, 0x72, 0x03, 0x38, 0xc7, 0x43, 0x24, 0x00, 0x42,
    0x00, 0x00, 0x74, 0x78, 0x2e, 0x00, 0x89, 0x43, 0x18, 0x89, 0xf0, 0x83, 0xe0, 0x0c, 0x89, 0x43,
    0x14, 0xc1, 0xee, 0x04, 0x66, 0x89, 0x73, 0x06, 0x53, 0x53, 0x6a, 0x13, 0xe8, 0x06, 0xfa, 0xff,
    0xff, 0x83, 0xc4, 0x0c, 0xbe, 0x02, 0x00, 0x00, 0x00, 0xf6, 0x43, 0x08, 0x01, 0x75, 0x20, 0x8b,
    0x45, 0x0c, 0x31, 0xf6, 0x85, 0xc0, 0x74, 0x17, 0x8b, 0x4d, 0x08, 0x0f, 0xaf, 0x79, 0x14, 0x57,
    0xff, 0x35, 0x9a, 0x21, 0x50, 0xe8, 0xac, 0x22, 0x55, 0xa9, 0x89, 0xf0, 0x83, 0xc4, 0x38, 0xdd,
    0x01, 0xd4, 0x68, 0x69, 0x5a, 0x01, 0x00, 0x6a, 0x00, 0xe8, 0x6c, 0x26, 0xf4, 0x02, 0x78, 0x26,
    0x81, 0xec, 0x00, 0x01, 0x00, 0x00, 0xb8, 0x75, 0x04, 0x00, 0x00, 0x8a, 0x00, 0x8d, 0x8d, 0x46,
    0xff, 0xff, 0xff, 0x89, 0xca, 0xc1, 0xea, 0x04, 0x89, 0x55, 0xa4, 0x83, 0xe1, 0x0e, 0x89, 0x4d,
    0xa8, 0x8d, 0x4d, 0xd0, 0x89, 0xca, 0x83, 0xe2, 0x0c, 0x89, 0x55, 0xb0, 0xc1, 0xe9, 0x04, 0x89,
    0x4d, 0xac, 0x8d, 0x8d, 0x1c, 0x25, 0x02, 0x14, 0x09, 0x9c, 0x14, 0xf0, 0xa0, 0x0f, 0xb6, 0xc0,
    0x89, 0x45, 0xc4, 0x31, 0xff, 0x31, 0xc0, 0x40, 0xbb, 0x80, 0x6d, 0x05, 0xc0, 0x45, 0xc8, 0x89,
    0x45, 0xcc, 0xc7, 0x45, 0xe0, 0xf1, 0x01, 0x62, 0x6a, 0x24, 0x57, 0x8d, 0xb5, 0xf4, 0xfe, 0xff,
    0xff, 0x56, 0xe8, 0x3e, 0x91, 0x11, 0x8d, 0x85, 0x68, 0x78, 0x1d, 0x78, 0x1a, 0x89, 0x78, 0x16,
    0x89, 0x78, 0x12, 0x89, 0x78, 0x0e, 0x89, 0x78, 0x0a, 0x89, 0x78, 0x06, 0x89, 0x78, 0x02, 0xc7,
    0x85, 0x18, 0xff, 0xff, 0xff, 0x00, 0x48, 0x00, 0x00, 0x89, 0x9d, 0x0c, 0xff, 0xff, 0xff, 0x8b,
    0x45, 0xa4, 0x66, 0x89, 0x85, 0xfa, 0xfe, 0x0a, 0x49, 0xa8, 0x89, 0x85, 0x08, 0xff, 0xff, 0xff,
    0x66, 0xc7, 0x3f, 0xc9, 0x1e, 0x00, 0x56, 0x56, 0x6a, 0x13, 0xe8, 0xf7, 0xf8, 0x0f, 0x01, 0xf8,
    0x08, 0xf6, 0x85, 0xfc, 0xfe, 0xff, 0xff, 0x01, 0x0f, 0x85, 0x2f, 0x05, 0x00, 0x00, 0x0f, 0xb7,
    0x85, 0x48, 0xff, 0xff, 0xff, 0x83, 0xe0, 0x04, 0x76, 0x01, 0xa3, 0x02, 0x89, 0x4d, 0xf0, 0x39,
    0x02, 0x19, 0x66, 0x83, 0xbd, 0x3b, 0x68, 0x72, 0x6c, 0x0f, 0xb7, 0x8d, 0x62, 0xff, 0xff, 0xff,
    0x0f, 0xb7, 0x95, 0x60, 0x8b, 0xf8, 0x00, 0xce, 0x66, 0x09, 0xd6, 0x74, 0x57, 0x0f, 0xb7, 0xd2,
    0x89, 0xce, 0x21, 0xd6, 0x81, 0xfe, 0x39, 0x04, 0xf9, 0x19, 0x74, 0x48, 0x66, 0x85, 0xc0, 0x0f,
    0x95, 0x45, 0xe8, 0xc1, 0xe1, 0x04, 0x8d, 0x34, 0x11, 0x0f, 0xb6, 0x4c, 0x11, 0x03, 0xc1, 0xe1,
    0x08, 0x81, 0xf9, 0x00, 0xa0, 0x00, 0x00, 0x0f, 0x94, 0xc1, 0x8b, 0x45, 0xf0, 0x0f, 0xb6, 0xc0,
    0xba, 0x01, 0x99, 0x03, 0xf8, 0x2e, 0xc2, 0x0a, 0x4d, 0xe8, 0x89, 0x75, 0xe4, 0x75, 0x11, 0x0f,
    0xb7, 0x46, 0x0a, 0xa8, 0x20, 0x75, 0x07, 0xc0, 0xe8, 0x06, 0x24, 0x01, 0xeb, 0x02, 0xb0, 0x01,
    0x89, 0x45, 0xf0, 0x57, 0x68, 0x84, 0x00, 0x00, 0x00, 0xe8, 0x00, 0x45, 0x00, 0x00, 0x83, 0xc4,
    0x08, 0x89, 0xc6, 0x89, 0x5d, 0xec, 0x89, 0x18, 0x89, 0x78, 0x10, 0x89, 0x78, 0x34, 0x89, 0x78,
    0x30, 0xc7, 0x40, 0x50, 0x01, 0xa9, 0xff, 0x31, 0xdb, 0x8b, 0x3d, 0x50, 0x02, 0x9b, 0xff, 0x75,
    0x16, 0x50, 0x02, 0x1a, 0xe8, 0xa7, 0x3b, 0x32, 0x89, 0xc7, 0x4e, 0x02, 0xf9, 0x03, 0xc7, 0x45,
    0xd0, 0x10, 0x00, 0x01, 0x00, 0x89, 0xf8, 0xc1, 0xe8, 0x04, 0x66, 0x89, 0x45, 0xd6, 0x89, 0xf8,
    0x4b, 0x02, 0xfa, 0x06, 0x45, 0xd4, 0x89, 0x5d, 0xdc, 0x89, 0x5d, 0xd8, 0x6a, 0x24, 0x53, 0x8d,
    0x9d, 0x64, 0xff, 0xff, 0xff, 0x53, 0xe8, 0xd7, 0x20, 0x4d, 0x02, 0x91, 0x45, 0x88, 0x4d, 0x02,
    0xa1, 0x06, 0x89, 0x85, 0x7c, 0x4b, 0x01, 0xa1, 0xb0, 0x89, 0x85, 0x78, 0x54, 0x01, 0xe8, 0xac,
    0x66, 0x89, 0x85, 0x6a, 0xff, 0xff, 0xff, 0x6a, 0x28, 0x53, 0x8d, 0x85, 0xcf, 0x01, 0x1a, 0x50,
    0xe8, 0x80, 0x34, 0xf9, 0x09, 0x8b, 0x45, 0xdc, 0x89, 0x45, 0x98, 0x8b, 0x45, 0xd8, 0x89, 0x45,
    0x94, 0x8b, 0x45, 0xd0, 0x8b, 0x4d, 0xd4, 0x89, 0x4d, 0x90, 0x89, 0x45, 0x8c, 0xe1, 0x02, 0x32,
    0x31, 0xc0, 0x50, 0x57, 0xe8, 0x7a, 0x29, 0x81, 0x8c, 0x02, 0x93, 0x7a, 0xf7, 0x7d, 0x01, 0x91,
    0x6c, 0xff, 0x7d, 0x01, 0x28, 0x9d, 0x03, 0x00, 0x00, 0xbf, 0x2a, 0x90, 0x8b, 0x1d, 0x82, 0x02,
    0x73, 0x80, 0x7c, 0x3b, 0xff, 0x00, 0x75, 0x05, 0x4f, 0x75, 0xf6, 0x31, 0xff, 0x6a, 0x28, 0x6a,
    0x19, 0x8d, 0x85, 0x64, 0x71, 0x0c, 0x0f, 0x71, 0x10, 0x8c, 0x8b, 0x62, 0x79, 0x01, 0xd0, 0x89,
    0x4d, 0xd4, 0x8b, 0x45, 0x94, 0x89, 0x45, 0xd8, 0x8b, 0x45, 0x98, 0x89, 0x45, 0xdc, 0x71, 0x42,
    0x68, 0xff, 0x00, 0x00, 0x00, 0x53, 0xe8, 0x07, 0x73, 0x03, 0x3a, 0x2f, 0x50, 0x6a, 0x13, 0xe8,
    0x01, 0x79, 0x04, 0x29, 0x24, 0x03, 0x00, 0x00, 0xb8, 0x79, 0x0a, 0x0d, 0x79, 0xf8, 0x0b, 0x01,
    0xff, 0xff, 0x75, 0x05, 0x48, 0x75, 0xf6, 0x31, 0xc0, 0x8b, 0x5d, 0xec, 0x39, 0xc7, 0x0f, 0x47,
    0xc7, 0x89, 0x46, 0x14, 0x85, 0xc0, 0x0f, 0x84, 0x9f, 0xbf, 0x03, 0x90, 0x85, 0x56, 0x5b, 0x02,
    0x90, 0xbd, 0x5a, 0x86, 0x02, 0xf9, 0x02, 0xc1, 0x83, 0xc1, 0x01, 0x89, 0xfa, 0x83, 0xd2, 0x00,
    0x83, 0xf9, 0x02, 0x83, 0xda, 0x00, 0xb9, 0xff, 0xde, 0x02, 0xf9, 0x27, 0x72, 0x29, 0x8b, 0x4e,
    0x14, 0x8d, 0x99, 0xff, 0x01, 0x00, 0x00, 0x85, 0xc9, 0x0f, 0x49, 0xd9, 0x89, 0xd9, 0xc1, 0xf9,
    0x09, 0xc1, 0xfb, 0x1f, 0x0f, 0xaf, 0xd8, 0xf7, 0xe1, 0x01, 0xda, 0x8b, 0x5d, 0xec, 0x0f, 0xaf,
    0xf9, 0x01, 0xd7, 0x89, 0xc2, 0x89, 0xf9, 0x89, 0x56, 0x38, 0x89, 0x4e, 0x3c, 0x8b, 0x4d, 0xe4,
    0x85, 0xc9, 0xf2, 0x05, 0x79, 0x10, 0x8b, 0x55, 0xf0, 0x74, 0x08, 0xb0, 0x01, 0xf6, 0x41, 0x0a,
    0x40, 0x75, 0x0d, 0x81, 0x7e, 0x14, 0x00, 0x08, 0x00, 0x00, 0x0f, 0xb6, 0xc2, 0x0f, 0x45, 0xc7,
    0x88, 0x46, 0x0c, 0x81, 0xfb, 0x81, 0x23, 0x4d, 0xe0, 0x75, 0x0f, 0x1b, 0x79, 0x2f, 0x75, 0x06,
    0xc6, 0x46, 0x0c, 0x01, 0xeb, 0x15, 0x84, 0xd2, 0x74, 0x0d, 0x84, 0xc0, 0x75, 0x0d, 0xeb, 0x29,
    0x31, 0xff, 0xe9, 0x59, 0x02, 0x00, 0x00, 0x84, 0xc0, 0x74, 0x0b, 0x8b, 0x4d, 0xc8, 0x89, 0xc8,
    0x41, 0x89, 0x4d, 0xc8, 0xeb, 0x1c, 0x8b, 0x45, 0xc4, 0x39, 0xc1, 0x75, 0x08, 0x89, 0x45, 0xe0,
    0xe9, 0x3b, 0x02, 0x00, 0x00, 0x41, 0x89, 0x4d, 0xe0, 0x8b, 0x4d, 0xcc, 0x1e, 0xf9, 0x0e, 0xcc,
    0x89, 0x46, 0x08, 0x31, 0xd2, 0x31, 0xc9, 0x41, 0x31, 0xc0, 0x48, 0x89, 0xc3, 0x89, 0x45, 0xf0,
    0x89, 0x75, 0xe8, 0x8b, 0x3c, 0x95, 0x70, 0x50, 0x01, 0x00, 0x8b, 0x46, 0xbb, 0x04, 0x80, 0xbe,
    0x01, 0xa0, 0x0f, 0x87, 0x07, 0x01, 0x79, 0x05, 0xc9, 0xb8, 0x89, 0x55, 0xb4, 0x89, 0x4d, 0xe4,
    0x66, 0xc7, 0x90, 0x01, 0x80, 0x9e, 0x04, 0xa9, 0xbd, 0x1e, 0xff, 0xff, 0xff, 0xce, 0x04, 0x83,
    0xa6, 0x04, 0x90, 0x8d, 0x22, 0x3f, 0x03, 0x80, 0x5e, 0x02, 0x91, 0x85, 0x20, 0x9c, 0x02, 0x98,
    0x89, 0x9d, 0x28, 0xb2, 0x03, 0x90, 0x9d, 0x24, 0x34, 0x03, 0xc8, 0x31, 0x89, 0x45, 0xbc, 0xf7,
    0xda, 0x89, 0x55, 0xc0, 0xbb, 0x04, 0x90, 0x8d, 0xb5, 0x95, 0x01, 0xa7, 0x56, 0xe8, 0x63, 0x1e,
    0x74, 0x02, 0x02, 0xa4, 0x45, 0xe8, 0x8b, 0x00, 0x77, 0x02, 0x8c, 0x9c, 0x77, 0x02, 0x8b, 0xa0,
    0x77, 0x02, 0x81, 0xb9, 0x03, 0x97, 0x3e, 0xf5, 0xc3, 0x01, 0x01, 0x20, 0x75, 0x52, 0x01, 0xbd,
    0x5d, 0x10, 0x83, 0x95, 0x69, 0xf9, 0x49, 0x00, 0x01, 0xfb, 0x83, 0xfb, 0x40, 0x72, 0x9f, 0x0f,
    0x31, 0x8b, 0x75, 0xbc, 0xf7, 0xde, 0x8b, 0x4d, 0xc0, 0x83, 0xd9, 0x00, 0x01, 0xc6, 0x11, 0xd1,
    0x8b, 0x5d, 0xb8, 0x39, 0xde, 0x89, 0xc8, 0x8b, 0x55, 0xf0, 0x19, 0xd0, 0x0f, 0x42, 0xd1, 0x89,
    0x55, 0xf0, 0x0f, 0x42, 0xde, 0x8b, 0x4d, 0xe4, 0x0f, 0x42, 0xcf, 0x8b, 0x55, 0xb4, 0x42, 0x83,
    0xfa, 0x09, 0x8b, 0x75, 0xe8, 0x0f, 0x85, 0xff, 0xfe, 0xff, 0xff, 0xeb, 0x1c, 0x0f, 0xb6, 0x45,
    0x89, 0x8b, 0x75, 0xe8, 0xff, 0x36, 0x50, 0x68, 0xbd, 0x52, 0x01, 0x00, 0xe8, 0x8f, 0x30, 0x0f,
    0x05, 0x90, 0xb9, 0x08, 0x0f, 0x0a, 0xe1, 0x4e, 0x04, 0x89, 0xf0, 0x83, 0xc0, 0x44, 0x56, 0x50,
    0xe8, 0x38, 0x25, 0x98, 0x03, 0xf8, 0x17, 0x84, 0xc0, 0x74, 0x04, 0xc6, 0x46, 0x40, 0x01, 0xa1,
    0xbc, 0xc3, 0x05, 0x00, 0x8d, 0x0c, 0x85, 0x04, 0x00, 0x00, 0x00, 0xc1, 0xe0, 0x02, 0x31, 0xdb,
    0x53, 0x51, 0x53, 0x50, 0xff, 0x35, 0xb8, 0xc3, 0x05, 0x00, 0xe8, 0xc9, 0x40, 0x51, 0x05, 0x10,
    0x14, 0xa3, 0x0d, 0x11, 0x8b, 0x0d, 0x29, 0x20, 0x51, 0x01, 0x89, 0x15, 0x32, 0xa2, 0x89, 0x34,
    0x88, 0x53, 0xe8, 0x03, 0x93, 0x18, 0x41, 0xb6, 0x03, 0xb2, 0x53, 0x56, 0x50, 0xe8, 0x66, 0x27,
    0xf2, 0x04, 0x7f, 0x00, 0x48, 0x03, 0x83, 0xf9, 0x02, 0x72, 0x7e, 0x31, 0xdb, 0x43, 0x83, 0xf8,
    0xff, 0x74, 0x3f, 0x65, 0x05, 0x24, 0xd2, 0x52, 0x51, 0x52, 0x65, 0x0f, 0x64, 0x65, 0x10, 0xc9,
    0x3c, 0x88, 0xff, 0x46, 0x1c, 0xeb, 0x10, 0x6a, 0x00, 0x53, 0x04, 0xa1, 0x57, 0xe8, 0xbc, 0x3f,
    0x8d, 0x03, 0x03, 0x10, 0x10, 0xe8, 0x9d, 0xa0, 0x04, 0x7b, 0x91, 0xeb, 0x26, 0xfe, 0x05, 0x80,
    0xe1, 0x02, 0x73, 0x03, 0x43, 0x83, 0xf9, 0x01, 0x77, 0x85, 0x89, 0xfe, 0x31, 0xff, 0x8b, 0x5d,
    0xec, 0x3e, 0x1a, 0x56, 0xe8, 0x7e, 0x3e, 0x98, 0x43, 0x81, 0xfb, 0x65, 0x08, 0xc0, 0x0f, 0x85,
    0x52, 0xfa, 0xff, 0xff, 0x81, 0xc4, 0x11, 0x06, 0x87, 0x0b, 0x08, 0x02, 0xa0, 0x14, 0xe8, 0x94,
    0x4d, 0x8f, 0x02, 0x98, 0x0f, 0x84, 0xc7, 0xc8, 0x04, 0xfb, 0x05, 0xc9, 0x4e, 0x00, 0x00, 0x0f,
    0x31, 0x89, 0xc6, 0x8b, 0x0d, 0x8c, 0x15, 0x06, 0x00, 0x8b, 0x1d, 0x88, 0x15, 0x06, 0x00, 0xa7,
    0x08, 0xa1, 0x89, 0xd8, 0x09, 0xc8, 0xf6, 0x08, 0xf8, 0x03, 0x74, 0x73, 0x51, 0x53, 0x52, 0x89,
    0x75, 0xe8, 0x56, 0x89, 0x4d, 0xf0, 0x89, 0x55, 0xe4, 0xe8, 0x9b, 0xf6, 0xb5, 0x06, 0x78, 0x02,
    0x10, 0x89, 0xc6, 0x89, 0xd1, 0xba, 0x40, 0x42, 0x0f, 0x00, 0xf7, 0xe2, 0x89, 0x45, 0xec, 0x69,
    0xc1, 0x0b, 0x78, 0x13, 0x01, 0xd0, 0x89, 0x45, 0xe0, 0x89, 0xf7, 0x0f, 0xaf, 0x7d, 0xf0, 0x89,
    0xf0, 0xf7, 0xe3, 0x01, 0xfa, 0x0f, 0xaf, 0xcb, 0x01, 0xd1, 0x8b, 0x55, 0xe8, 0x29, 0xc2, 0x8b,
    0x45, 0xe4, 0x19, 0xc8, 0x69, 0xc8, 0x26, 0x13, 0x89, 0xd0, 0x38, 0x53, 0x01, 0xca, 0xff, 0x75,
    0xf0, 0x53, 0x52, 0x50, 0xe8, 0x48, 0x53, 0x89, 0xd7, 0x12, 0x09, 0xf8, 0x07, 0xf0, 0x13, 0x7d,
    0xe0, 0xe8, 0x61, 0x4f, 0x00, 0x00, 0xe8, 0x3a, 0x3c, 0x00, 0x00, 0xe8, 0x14, 0x50, 0x00, 0x00,
    0xe8, 0x1a, 0xf9, 0x7e, 0x02, 0xf8, 0x01, 0x0c, 0xa9, 0xfd, 0xff, 0xff, 0xff, 0x75, 0x19, 0x0f,
    0xb6, 0x45, 0x08, 0x50, 0xe8, 0x60, 0x2e, 0xed, 0x01, 0xfa, 0x16, 0x04, 0xeb, 0x19, 0x68, 0x40,
    0x52, 0x01, 0x00, 0xe9, 0xb6, 0x00, 0x00, 0x00, 0x83, 0xf8, 0x01, 0x75, 0x11, 0xe8, 0x0b, 0x47,
    0x00, 0x00, 0xe8, 0xee, 0x46, 0x00, 0x00, 0xa3, 0x48, 0x93, 0x05, 0x00, 0xeb, 0x05, 0xa1, 0x48,
    0xdd, 0x07, 0xc0, 0x0a, 0x68, 0x94, 0x54, 0x01, 0x00, 0xe9, 0x8d, 0x43, 0x0c, 0xd8, 0x7d, 0xec,
    0x80, 0x78, 0x0d, 0x00, 0x74, 0x09, 0x89, 0xc1, 0xe8, 0x41, 0x01, 0xf9, 0x13, 0xeb, 0x3b, 0x89,
    0xc6, 0x8b, 0x40, 0x18, 0x85, 0xc0, 0x75, 0xf7, 0x83, 0x7e, 0x1c, 0xff, 0x7c, 0x2c, 0x31, 0xdb,
    0x4b, 0x31, 0xff, 0x0f, 0xb6, 0x46, 0x0c, 0x57, 0xff, 0x76, 0x08, 0x50, 0xe8, 0xb4, 0x2d, 0x5f,
    0x01, 0xc8, 0x85, 0xc0, 0x74, 0x0c, 0x89, 0xc1, 0xe8, 0x52, 0x00, 0x44, 0x01, 0x79, 0x0a, 0x75,
    0x07, 0x43, 0x47, 0x3b, 0x5e, 0x1c, 0x7e, 0xd9, 0x80, 0x3d, 0x4c, 0x93, 0x05, 0x00, 0x00, 0x75,
    0x0d, 0x68, 0x6a, 0x56, 0x01, 0x00, 0xe8, 0xf3, 0x2c, 0x20, 0x04, 0x80, 0x3d, 0x45, 0x16, 0xf8,
    0x01, 0x8b, 0x75, 0xf0, 0x8b, 0x7d, 0xec, 0x74, 0x16, 0xe8, 0xa9, 0x47, 0x02, 0x00, 0x89, 0x3d,
    0xac, 0x60, 0x02, 0x90, 0x35, 0xa8, 0x1d, 0x02, 0xb9, 0x18, 0x23, 0x01, 0x00, 0x68, 0xd2, 0x53,
    0xc6, 0x07, 0x94, 0xa6, 0x1e, 0xc6, 0x07, 0x50, 0x89, 0xcf, 0x8a, 0x1d, 0x4d, 0x93, 0x05, 0x00,
    0xc6, 0x05, 0x06, 0xd1, 0x01, 0x68, 0x19, 0x58, 0x01, 0x00, 0x51, 0xe8, 0x7f, 0x0e, 0xd9, 0x02,
    0x65, 0x85, 0xc0, 0x75, 0x3a, 0x68, 0xea, 0x53, 0x01, 0x00, 0x57, 0xe8, 0x6d, 0x12, 0x20, 0x28,
    0x68, 0x75, 0x57, 0x12, 0x0d, 0x5b, 0x12, 0x19, 0x16, 0x68, 0x14, 0x12, 0x0c, 0x49, 0x12, 0x98,
    0x0f, 0x84, 0x86, 0x38, 0x0d, 0x13, 0xc6, 0x88, 0x5b, 0x00, 0xb0, 0x79, 0x1c, 0x01, 0x8b, 0x40,
    0x1c, 0x8b, 0x4e, 0x20, 0xba, 0x04, 0xa3, 0x04, 0x00, 0x31, 0xc2, 0x09, 0xca, 0x75, 0x47, 0x8d,
    0x15, 0xb0, 0x72, 0x00, 0x00, 0x29, 0xd0, 0x83, 0xd9, 0x00, 0xbf, 0xb0, 0x62, 0x01, 0x00, 0x51,
    0x50, 0x6a, 0x00, 0x52, 0x57, 0x56, 0xe8, 0xf2, 0x47, 0x21, 0x18, 0x56, 0xe8, 0x9b, 0x50, 0xfc,
    0x01, 0x04, 0x6a, 0x14, 0x68, 0xa4, 0x60, 0x05, 0x00, 0x68, 0x68, 0x5c, 0x01, 0x00, 0xe8, 0x96,
    0x1a, 0x1a, 0x01, 0x79, 0x01, 0x1b, 0x68, 0x36, 0x58, 0x01, 0x00, 0xeb, 0x05, 0x68, 0x00, 0x54,
    0x01, 0x00, 0xe8, 0xed, 0x2c, 0x2c, 0x91, 0x31, 0xc0, 0x80, 0x02, 0x18, 0xc6, 0x05, 0x45, 0xce,
    0x22, 0xb0, 0x01, 0xeb, 0xf0, 0x84, 0xf8, 0x01, 0xeb, 0xe6, 0x55, 0x89, 0xe5, 0x83, 0xec, 0x34,
    0x8b, 0x55, 0x08, 0x8d, 0x4d, 0xcc, 0xe8, 0x10, 0xd7, 0x0d, 0xec, 0xc1, 0x31, 0xc0, 0x85, 0xc9,
    0x75, 0x03, 0x8b, 0x45, 0xd4, 0x83, 0xc4, 0x34, 0xbf, 0x0a, 0xf8, 0x08, 0x81, 0xec, 0x58, 0x02,
    0x00, 0x00, 0x89, 0xcf, 0x89, 0x11, 0x31, 0xc0, 0x8d, 0x8d, 0x9c, 0xfd, 0xff, 0xff, 0x31, 0xf6,
    0x46, 0x50, 0x68, 0xc9, 0x0f, 0x39, 0x50, 0x50, 0x51, 0x52, 0xe8, 0x65, 0x1e, 0x9d, 0x80, 0xd3,
    0x02, 0xfc, 0x06, 0x45, 0x02, 0x00, 0x00, 0x8d, 0x85, 0xd2, 0xfd, 0xff, 0xff, 0x6a, 0x03, 0x68,
    0x1b, 0x56, 0x01, 0x00, 0x50, 0xe8, 0x48, 0x18, 0xb8, 0x01, 0x27, 0x38, 0x8d, 0x85, 0xee, 0x1a,
    0x01, 0x0d, 0x2e, 0x1a, 0x20, 0x1e, 0x8d, 0x85, 0x9f, 0x1a, 0x20, 0x05, 0x68, 0xa5, 0x53, 0x1a,
    0x0c, 0x14, 0x1a, 0xc0, 0x0f, 0x85, 0xf3, 0x01, 0x00, 0x00, 0x8a, 0x8d, 0x76, 0x02, 0xf8, 0x0a,
    0x0f, 0xb6, 0xd1, 0xb8, 0xf8, 0xff, 0xff, 0xff, 0x3a, 0x88, 0x20, 0x5b, 0x01, 0x00, 0x74, 0x09,
    0x40, 0x0f, 0x84, 0xd6, 0x01, 0x00, 0x00, 0xeb, 0xef, 0xb8, 0x04, 0x18, 0xb7, 0x9d, 0xa7, 0x23,
    0x11, 0xb7, 0xd3, 0x23, 0x20, 0x66, 0x3b, 0x98, 0x18, 0x24, 0x38, 0x0b, 0x83, 0xc0, 0x02, 0x0f,
    0x84, 0xb0, 0x26, 0xf9, 0x02, 0xec, 0x8a, 0xad, 0xac, 0xfd, 0xff, 0xff, 0x88, 0xe8, 0x04, 0xfb,
    0x3c, 0xfc, 0x0f, 0x82, 0x9c, 0x01, 0xd9, 0x08, 0xb8, 0xaa, 0xfd, 0xff, 0xff, 0x89, 0x45, 0xe0,
    0x9f, 0x01, 0x0a, 0x8a, 0x12, 0x09, 0xad, 0x12, 0x79, 0x0a, 0xcc, 0xc1, 0xe0, 0x05, 0x89, 0x45,
    0xd8, 0x8d, 0x44, 0x02, 0xff, 0x89, 0x55, 0xe8, 0x99, 0xf7, 0x7d, 0xe8, 0x89, 0x45, 0xc0, 0x0f,
    0xb7, 0x85, 0xaf, 0x1e, 0x42, 0xe4, 0x85, 0xc0, 0x75, 0x09, 0x8b, 0x85, 0xbc, 0x0d, 0x61, 0x0f,
    0xb7, 0x85, 0xb2, 0xfd, 0xff, 0xff, 0x85, 0xc0, 0x8b, 0x95, 0xc0, 0x3d, 0xe8, 0xec, 0x89, 0x55,
    0xd4, 0x0f, 0x44, 0xc2, 0x0f, 0xb6, 0xd5, 0x89, 0x55, 0xd0, 0x9c, 0x03, 0xf8, 0x17, 0xc8, 0x89,
    0x55, 0xc4, 0x0f, 0xb7, 0x45, 0xe0, 0x89, 0x45, 0xdc, 0x31, 0xc0, 0x8b, 0x55, 0xc0, 0x03, 0x55,
    0xdc, 0x0f, 0x92, 0xc0, 0x03, 0x55, 0xc8, 0x13, 0x45, 0xc4, 0x3b, 0x55, 0xe4, 0x83, 0xd8, 0x00,
    0x0f, 0x83, 0x0b, 0x01, 0xa9, 0x0a, 0xfb, 0x09, 0xe4, 0x29, 0xd0, 0x31, 0xd2, 0xf7, 0x75, 0xf0,
    0x3d, 0xf4, 0x0f, 0x00, 0x00, 0x77, 0x15, 0xc7, 0x47, 0x04, 0x0c, 0x00, 0x00, 0x00, 0xb0, 0x01,
    0x12, 0x04, 0x41, 0x8b, 0x55, 0xe0, 0xeb, 0x30, 0x3d, 0xf4, 0xff, 0x0a, 0x37, 0x77, 0x12, 0xc7,
    0x47, 0x04, 0x10, 0x1f, 0x01, 0xa8, 0xeb, 0x14, 0xc7, 0x47, 0x04, 0x93, 0x0f, 0x81, 0x29, 0x09,
    0x78, 0x0a, 0x8b, 0x45, 0xd4, 0x89, 0x45, 0xec, 0x31, 0xc0, 0x66, 0x89, 0x5f, 0x0c, 0x88, 0x4f,
    0x0e, 0x66, 0x89, 0x57, 0x10, 0x88, 0x6f, 0x12, 0x8b, 0x8d, 0xb8, 0xe2, 0xe0, 0x4f, 0x14, 0x8b,
    0x4d, 0xec, 0x89, 0x4f, 0x18, 0x85, 0xc9, 0x0f, 0x84, 0x0b, 0x10, 0x18, 0x8b, 0x9d, 0xc8, 0xf9,
    0xf8, 0x23, 0x5f, 0x24, 0x89, 0x57, 0x1c, 0x8b, 0x4d, 0xcc, 0x66, 0x89, 0x4f, 0x28, 0x66, 0x85,
    0xc9, 0x0f, 0x94, 0xc1, 0x84, 0xc8, 0x75, 0x73, 0x8b, 0x45, 0xec, 0xf7, 0x65, 0xd0, 0x89, 0xc1,
    0x03, 0x4d, 0xdc, 0x83, 0xd2, 0x00, 0x75, 0x63, 0x8b, 0x45, 0xe8, 0x48, 0x89, 0xc2, 0xc1, 0xfa,
    0x1f, 0x03, 0x45, 0xd8, 0xeb, 0x07, 0x48, 0xe2, 0x01, 0xf7, 0xda, 0x89, 0x4f, 0x2c, 0x78, 0x4a,
    0xbc, 0xfb, 0x23, 0xe8, 0x89, 0x47, 0x30, 0x80, 0x7d, 0xf0, 0x00, 0x74, 0x13, 0x89, 0x4f, 0x20,
    0x8d, 0x55, 0x9c, 0x66, 0x89, 0x5a, 0x1a, 0xc1, 0xeb, 0x10, 0x66, 0x89, 0x5a, 0x14, 0xeb, 0x09,
    0x01, 0xc1, 0x72, 0x25, 0x89, 0x4f, 0x20, 0x31, 0xd2, 0x31, 0xf6, 0x8d, 0x45, 0xbc, 0x89, 0xf9,
    0x56, 0x50, 0xe8, 0x0b, 0x02, 0x22, 0x03, 0x80, 0x0b, 0x0c, 0x88, 0x00, 0x7c, 0x02, 0xd1, 0xbc,
    0x89, 0x47, 0x08, 0x89, 0xf0, 0x81, 0xc4, 0x58, 0x02, 0x3b, 0x05, 0x86, 0x87, 0x02, 0x88, 0x84,
    0x24, 0x01, 0x80, 0xae, 0x02, 0x98, 0x98, 0xe8, 0x62, 0x86, 0x02, 0x48, 0xc9, 0x85, 0xc0, 0x74,
    0x0d, 0x89, 0xc8, 0x81, 0xc4, 0x19, 0x01, 0x2a, 0xf8, 0x04, 0x8b, 0x7d, 0x0c, 0x31, 0xf6, 0x4e,
    0x80, 0x7c, 0x37, 0x01, 0x2f, 0x8d, 0x76, 0x01, 0x74, 0xf6, 0x8b, 0x55, 0x9c, 0x3d, 0x0e, 0xc0,
    0x20, 0x75, 0x14, 0x8b, 0x45, 0xbc, 0x8d, 0x8d, 0x39, 0x07, 0xf8, 0x0d, 0x66, 0x89, 0x41, 0x1a,
    0xc1, 0xe8, 0x10, 0x66, 0x89, 0x41, 0x14, 0x89, 0x4d, 0xec, 0x31, 0xc9, 0x31, 0xdb, 0x89, 0xd8,
    0x01, 0xf0, 0x72, 0xb8, 0x0f, 0xb6, 0x04, 0x07, 0xa7, 0x03, 0x89, 0x88, 0xc5, 0x04, 0xf8, 0x0b,
    0x2f, 0x74, 0x0b, 0x43, 0x81, 0xfb, 0x04, 0x01, 0x00, 0x00, 0x75, 0xe0, 0xeb, 0x9c, 0x89, 0x55,
    0xf0, 0x8d, 0x04, 0x37, 0x53, 0x50, 0x8d, 0x85, 0x73, 0xfe, 0x6e, 0x09, 0x91, 0xa1, 0x16, 0x29,
    0x06, 0x18, 0xc6, 0x84, 0x1d, 0x10, 0x7b, 0x01, 0x00, 0x43, 0x01, 0xde, 0x0f, 0x82, 0x3c, 0x01,
    0x00, 0x00, 0x8d, 0x4d, 0x98, 0x8b, 0x55, 0xec, 0x26, 0xbc, 0x8d, 0x45, 0xcc, 0x50, 0xe8, 0x2d,
    0x01, 0x00, 0x04, 0xca, 0x85, 0x1b, 0x01, 0x00, 0x00, 0xf6, 0x45, 0xd7, 0x10, 0x91, 0x0d, 0x90,
    0x84, 0x44, 0x32, 0x0a, 0x08, 0x20, 0x25, 0x10, 0x8d, 0x9d, 0x98, 0x1a, 0x53, 0xe8, 0x4b, 0x56,
    0xb8, 0x89, 0x5d, 0xec, 0x8b, 0x55, 0xf0, 0xe9, 0x51, 0x0b, 0x48, 0x89, 0x55, 0xf0, 0x01, 0xf7,
    0x53, 0x57, 0x8d, 0xb5, 0x67, 0x1f, 0x56, 0xe8, 0x2a, 0x77, 0x02, 0x03, 0x6e, 0x09, 0x56, 0x68,
    0x88, 0xc5, 0x16, 0x0e, 0x0b, 0xc9, 0x6a, 0x90, 0xe9, 0xfe, 0xa3, 0x03, 0xb2, 0x56, 0x6a, 0x34,
    0xe8, 0xda, 0x39, 0x26, 0x0b, 0x32, 0xc3, 0x56, 0x6a, 0x44, 0xe8, 0xcd, 0x0d, 0xc8, 0x83, 0x7d,
    0xf0, 0x20, 0x8d, 0x75, 0x98, 0xb9, 0x0d, 0xc8, 0x11, 0xf0, 0xc7, 0xf3, 0xa5, 0x89, 0xc7, 0x0f,
    0xb7, 0x55, 0xe6, 0x89, 0x50, 0x34, 0x75, 0x0c, 0xa5, 0x02, 0x79, 0x0c, 0xc1, 0xe0, 0x10, 0x09,
    0xc2, 0x89, 0x57, 0x34, 0x8b, 0x75, 0x08, 0x8b, 0x45, 0xe8, 0x89, 0x47, 0x38, 0x89, 0xf8, 0x83,
    0xc0, 0x40, 0xc7, 0x47, 0x40, 0x00, 0x00, 0xe1, 0xa1, 0x50, 0xe8, 0x98, 0x05, 0x58, 0x04, 0xf9,
    0x14, 0x89, 0x47, 0x3c, 0x85, 0xc0, 0x74, 0x28, 0x89, 0xd9, 0x89, 0x7b, 0x10, 0xc7, 0x43, 0x14,
    0xbf, 0x0a, 0x01, 0x00, 0xc7, 0x43, 0x18, 0x01, 0x0b, 0x01, 0x00, 0x8b, 0x47, 0x38, 0x89, 0x43,
    0x1c, 0xc7, 0x43, 0x20, 0xc6, 0x06, 0x68, 0x73, 0x04, 0xe9, 0x58, 0xfe, 0xff, 0xff, 0x83, 0x7f,
    0x38, 0x00, 0x74, 0xd2, 0x97, 0xa9, 0x44, 0x57, 0xe8, 0x52, 0x38, 0x2c, 0x07, 0x32, 0x56, 0x6a,
    0x34, 0x53, 0xe8, 0x46, 0x0c, 0xbc, 0x31, 0xc9, 0xe9, 0x31, 0xfe, 0xff, 0xff, 0x49, 0x0d, 0x88,
    0x44, 0x5e, 0x09, 0xf9, 0x08, 0xd6, 0x89, 0xcb, 0x0f, 0xb6, 0x41, 0x0e, 0x0f, 0xb7, 0x79, 0x0c,
    0x0f, 0xaf, 0xf8, 0x8d, 0x85, 0xb0, 0xfe, 0xff, 0xff, 0x68, 0x05, 0x01, 0x19, 0x14, 0x9a, 0xe8,
    0x3f, 0x15, 0x25, 0x04, 0x79, 0x05, 0xf6, 0x89, 0x7d, 0xec, 0x74, 0x43, 0x0f, 0xb7, 0x56, 0x1a,
    0x83, 0x7b, 0x04, 0x20, 0x75, 0x09, 0x0f, 0xb7, 0x46, 0x14, 0xc5, 0x4a, 0x8d, 0x45, 0xc8, 0x89,
    0xd9, 0x50, 0xe8, 0xe9, 0x04, 0xaf, 0xc8, 0xc7, 0x31, 0xc0, 0x48, 0x85, 0xff, 0x0f, 0x84, 0x28,
    0x6a, 0x03, 0x80, 0x0a, 0x0a, 0xe9, 0xf7, 0x65, 0xec, 0x71, 0x21, 0xc1, 0xe1, 0x02, 0x6a, 0x00,
    0x51, 0xe9, 0x07, 0x10, 0x04, 0xf9, 0x02, 0x4b, 0x28, 0xc1, 0xe1, 0x05, 0x8d, 0x47, 0xff, 0x01,
    0xc8, 0x73, 0x22, 0x31, 0xc0, 0x40, 0xe9, 0xfd, 0xb3, 0x05, 0xf8, 0x06, 0x89, 0x4d, 0xe8, 0x3d,
    0x01, 0x00, 0x00, 0x10, 0x72, 0x77, 0x8b, 0x45, 0xe8, 0xc1, 0xe0, 0x02, 0x6a, 0x00, 0x50, 0xe9,
    0xd7, 0x86, 0x0f, 0x70, 0xd2, 0xf7, 0xf7, 0x89, 0xc6, 0xf7, 0xe7, 0x89, 0xc7, 0x0f, 0x90, 0xc0,
    0x81, 0xff, 0x23, 0xfb, 0x05, 0x0f, 0x93, 0xc1, 0x08, 0xc1, 0x31, 0xc0, 0x48, 0x84, 0xc9, 0x89,
    0x75, 0xe8, 0x89, 0x75, 0xc8, 0x0f, 0x85, 0xba, 0x00, 0xea, 0x0b, 0x09, 0x4f, 0xe7, 0x5b, 0x08,
    0x89, 0x45, 0xf0, 0x0f, 0xb7, 0x43, 0x0c, 0xf7, 0x63, 0x2c, 0x6f, 0xfd, 0x00, 0x31, 0xf6, 0x56,
    0x8b, 0x75, 0xf0, 0x51, 0x52, 0x50, 0x56, 0xff, 0x33, 0xe8, 0x1a, 0x19, 0x4b, 0x05, 0x7b, 0x02,
    0x7a, 0x03, 0x00, 0x00, 0x8b, 0x5d, 0xe8, 0x89, 0xf1, 0xeb, 0x40, 0x31, 0xc0, 0x50, 0x56, 0xe8,
    0x0f, 0x40, 0xfb, 0x05, 0xd9, 0x89, 0xfa, 0x31, 0xdb, 0x53, 0x56, 0x53, 0x53, 0x89, 0x45, 0xf0,
    0x50, 0x8b, 0x5d, 0xe8, 0x53, 0xe8, 0x73, 0x05, 0x80, 0x05, 0xa9, 0x74, 0x2e, 0x8d, 0x04, 0x9d,
    0x25, 0x0e, 0xb2, 0x00, 0x50, 0x57, 0xe8, 0xee, 0x36, 0x13, 0x0c, 0xf8, 0x00, 0x4d, 0xf0, 0x89,
    0xde, 0x8b, 0x7d, 0xec, 0x0f, 0xaf, 0xf7, 0x83, 0xfe, 0x20, 0x73, 0x38, 0xd6, 0x0a, 0x29, 0x45,
    0xd0, 0xe9, 0x7b, 0x03, 0x98, 0x32, 0x56, 0xff, 0x75, 0xf0, 0xe8, 0xc4, 0x2a, 0x52, 0xc1, 0xe3,
    0x02, 0x31, 0xc0, 0x50, 0x53, 0x57, 0xe8, 0xb4, 0x3a, 0xb4, 0x31, 0xc0, 0x48, 0x81, 0xc4, 0x44,
    0xc0, 0x08, 0xf8, 0x00, 0xc1, 0xee, 0x05, 0x8d, 0x51, 0x01, 0x8d, 0x41, 0x0e, 0x89, 0x45, 0xc4,
    0xc7, 0x45, 0xdc, 0xa5, 0x12, 0x02, 0x4b, 0x90, 0x31, 0xc0, 0x97, 0x08, 0xd8, 0x45, 0xe0, 0x89,
    0xc7, 0xc1, 0xe7, 0x05, 0x0f, 0xb6, 0x04, 0x39, 0xed, 0x06, 0xf8, 0x0b, 0xc5, 0x02, 0x00, 0x00,
    0x01, 0xcf, 0x83, 0x7d, 0x0c, 0x00, 0x8a, 0x4f, 0x0b, 0x74, 0x1c, 0x80, 0xf9, 0x0f, 0x0f, 0x85,
    0xb1, 0x01, 0x00, 0x00, 0x3d, 0xe5, 0xe5, 0x03, 0x0b, 0x1a, 0x41, 0xf8, 0x01, 0xe9, 0x4e, 0x02,
    0x00, 0x00, 0x80, 0xf9, 0x08, 0x0f, 0x84, 0x9a, 0x02, 0x00, 0x00, 0xe9, 0x40, 0x67, 0x06, 0xda,
    0x5d, 0xe8, 0x89, 0xc3, 0x83, 0xe3, 0x1f, 0xa8, 0x40, 0x74, 0x25, 0xeb, 0x01, 0x8a, 0x20, 0xf8,
    0x01, 0xd0, 0x50, 0x89, 0x55, 0xe4, 0x89, 0x5d, 0xd4, 0xe8, 0x48, 0x13, 0x18, 0x01, 0xa1, 0xd4,
    0x8b, 0x55, 0xe4, 0x2c, 0x03, 0x7b, 0x10, 0xdc, 0x85, 0xdb, 0x8b, 0x4d, 0xf0, 0x8b, 0x45, 0xe0,
    0x74, 0x26, 0x3b, 0x5d, 0xdc, 0x75, 0x21, 0x8d, 0x04, 0x5b, 0x8d, 0x4c, 0x83, 0xf3, 0x81, 0xf9,
    0x03, 0x01, 0x00, 0x00, 0x76, 0x24, 0xaa, 0x1a, 0x8b, 0x7d, 0xec, 0x26, 0x16, 0xeb, 0x0a, 0x12,
    0xa9, 0x8b, 0x5d, 0xe8, 0xe9, 0xd6, 0xc5, 0x0b, 0x78, 0x02, 0xd4, 0x8b, 0x5d, 0xd4, 0x4b, 0x89,
    0x5d, 0xdc, 0x8b, 0x5d, 0xd4, 0x8d, 0x04, 0x83, 0x8d, 0x8c, 0x0d, 0x71, 0xc0, 0x89, 0x4d, 0xd8,
    0x89, 0x55, 0xe4, 0xba, 0x11, 0xe7, 0x0b, 0xc0, 0x45, 0xcc, 0x29, 0xc2, 0x83, 0xfa, 0x04, 0xb8,
    0x62, 0x0a, 0xf8, 0x10, 0x0f, 0x43, 0xd0, 0x42, 0x31, 0xdb, 0x8b, 0x45, 0xe4, 0x8a, 0x04, 0x58,
    0x8b, 0x4d, 0xd8, 0x88, 0x04, 0x19, 0x43, 0x39, 0xda, 0x75, 0xef, 0x8b, 0x45, 0xcc, 0x8d, 0x48,
    0xf8, 0x81, 0xf9, 0x34, 0x04, 0x22, 0x77, 0x6f, 0x8d, 0x84, 0x44, 0x79, 0x00, 0x45, 0xd8, 0xb9,
    0x0c, 0x01, 0x00, 0x00, 0x2b, 0x4d, 0xcc, 0x83, 0xf9, 0x05, 0xb8, 0x05, 0x3f, 0x80, 0x83, 0x0c,
    0x79, 0x06, 0xc0, 0x31, 0xdb, 0x8b, 0x4d, 0xc4, 0x8a, 0x04, 0x59, 0x8b, 0x55, 0xd8, 0x88, 0x04,
    0x1a, 0x43, 0x39, 0x5d, 0xc0, 0x75, 0xf1, 0x43, 0x0b, 0xfe, 0x43, 0x0b, 0x2c, 0x87, 0xf8, 0x0b,
    0xff, 0x4d, 0xcc, 0x31, 0xdb, 0x31, 0xd2, 0x8a, 0x44, 0x57, 0x1c, 0x88, 0x04, 0x11, 0xf6, 0xc3,
    0x01, 0x75, 0x12, 0x03, 0x55, 0xcc, 0xb3, 0x01, 0x81, 0xfa, 0x09, 0x03, 0x81, 0x32, 0x0f, 0xc8,
    0x72, 0xe2, 0x83, 0x7d, 0xd4, 0x01, 0x0f, 0x85, 0x31, 0x7d, 0x10, 0x00, 0xf8, 0xb0, 0x8b, 0x5d,
    0xe8, 0x80, 0xbc, 0x05, 0x36, 0x01, 0x68, 0x20, 0x75, 0x08, 0x83, 0xc0, 0xff, 0x72, 0xf1, 0x31,
    0xc0, 0x48, 0x8d, 0x8d, 0x11, 0xb8, 0xc6, 0x44, 0x08, 0x01, 0x00, 0x80, 0x3d, 0xda, 0x08, 0xd0,
    0x00, 0xb8, 0xec, 0x17, 0x01, 0x00, 0xba, 0x22, 0x18, 0x01, 0x74, 0x0f, 0xb3, 0xff, 0x75, 0x0c,
    0x51, 0xff, 0xd0, 0xac, 0x08, 0x88, 0x74, 0x76, 0x07, 0x78, 0x02, 0x4f, 0x0b, 0x8b, 0x55, 0xe4,
    0xf6, 0xc1, 0x08, 0x0f, 0x85, 0xa7, 0x00, 0x00, 0x00, 0xb8, 0xf5, 0xff, 0x3e, 0xb1, 0x05, 0xc0,
    0x20, 0x40, 0x75, 0xf8, 0x8c, 0x01, 0xa8, 0xe8, 0x8b, 0x45, 0x0c, 0x8a, 0x59, 0x0d, 0xa1, 0x69,
    0xc7, 0x45, 0xd8, 0x10, 0x02, 0xf8, 0x14, 0xdb, 0x31, 0xf6, 0x46, 0x3c, 0x2e, 0x74, 0x3c, 0x83,
    0xfb, 0x08, 0x0f, 0x92, 0xc1, 0x83, 0xfb, 0x0a, 0x8b, 0x55, 0xe4, 0x0f, 0x87, 0x8f, 0x00, 0x00,
    0x00, 0x0a, 0x4d, 0xd8, 0xf6, 0xc1, 0x01, 0x0f, 0x84, 0x83, 0x16, 0x16, 0xb1, 0xbe, 0xc0, 0x50,
    0xe8, 0x33, 0x0f, 0x9d, 0x08, 0x28, 0x88, 0x44, 0x1d, 0xb5, 0x43, 0x48, 0x7a, 0x03, 0x04, 0x30,
    0x46, 0x84, 0xc0, 0x75, 0xc2, 0xeb, 0x1d, 0xf6, 0x45, 0xd8, 0x01, 0x8b, 0x4d, 0xf0, 0x75, 0x78,
    0x16, 0x88, 0xbb, 0x60, 0x0c, 0xfb, 0x04, 0xb1, 0x01, 0x89, 0x4d, 0xd8, 0x84, 0xc0, 0x75, 0xa2,
    0x6a, 0x0b, 0x8d, 0x45, 0xb5, 0x50, 0x57, 0xe8, 0xf3, 0x0f, 0x21, 0x08, 0xb1, 0x8b, 0x5d, 0xc8,
    0x0f, 0x84, 0x94, 0x05, 0x0e, 0xb5, 0xf0, 0x8b, 0x55, 0xe4, 0xeb, 0x2c, 0xea, 0x01, 0xf9, 0x0c,
    0x40, 0x89, 0xde, 0x0f, 0xaf, 0xf7, 0xc1, 0xee, 0x05, 0x83, 0xc2, 0x20, 0x83, 0x45, 0xc4, 0x20,
    0x39, 0xf0, 0x0f, 0x82, 0x56, 0xfd, 0xff, 0xff, 0xe9, 0x81, 0x00, 0x21, 0x01, 0x00, 0x26, 0xa2,
    0x7d, 0xec, 0xeb, 0xd5, 0x09, 0x02, 0x02, 0x34, 0x00, 0x42, 0x78, 0x00, 0xc7, 0x8b, 0x5d, 0xe8,
    0xeb, 0xb4, 0x6a, 0x00, 0x57, 0x56, 0xe9, 0xf3, 0xfc, 0xff, 0xff, 0x24, 0xc1, 0x52, 0x6a, 0x00,
    0x6a, 0x0c, 0xe8, 0x8e, 0x34, 0x3f, 0x05, 0xf8, 0x03, 0x8b, 0x0f, 0x8b, 0x57, 0x04, 0x89, 0x08,
    0x89, 0x50, 0x04, 0x8b, 0x4f, 0x07, 0x89, 0x48, 0x07, 0xb9, 0x0b, 0x08, 0x16, 0x90, 0x7c, 0x08,
    0x6b, 0x01, 0xfb, 0x09, 0xc6, 0x44, 0x08, 0xff, 0x00, 0x49, 0x75, 0xf1, 0x8b, 0x4d, 0x08, 0x89,
    0x01, 0xeb, 0x0e, 0x6a, 0x20, 0x57, 0xff, 0x75, 0x08, 0xe8, 0x73, 0x10, 0x41, 0x10, 0x8e, 0xd0,
    0x8b, 0x02, 0xd3, 0x0f, 0xaf, 0xdf, 0x6a, 0x00, 0x53, 0x51, 0xe8, 0x49, 0x33, 0xb8, 0x0f, 0x18,
    0xd0, 0xe9, 0x90, 0x6e, 0xd0, 0x45, 0xe0, 0x40, 0x39, 0xf0, 0x73, 0xdb, 0xc1, 0xe0, 0x05, 0xb8,
    0x03, 0xb8, 0xc2, 0x0f, 0xb6, 0x04, 0x01, 0x85, 0xc0, 0xbe, 0x0a, 0x89, 0xce, 0x3a, 0x03, 0x68,
    0x74, 0xc7, 0x01, 0xca, 0x80, 0x7a, 0x0b, 0x0f, 0x74, 0xbc, 0x6a, 0x20, 0x52, 0x5c, 0x0f, 0x17,
    0x5c, 0x02, 0x95, 0xeb, 0xa5, 0x71, 0x14, 0xf0, 0x89, 0x4d, 0xe8, 0x8b, 0x71, 0x04, 0x31, 0xc0,
    0x83, 0xfe, 0x0c, 0xb9, 0xef, 0x0f, 0x56, 0x11, 0xb8, 0xc8, 0x83, 0xfe, 0x10, 0xbb, 0xef, 0xff,
    0x61, 0x11, 0xf9, 0x0d, 0xd8, 0x09, 0xcb, 0x83, 0xfe, 0x20, 0xbf, 0xef, 0xff, 0xff, 0x0f, 0x0f,
    0x45, 0xfb, 0x83, 0xfa, 0x02, 0x0f, 0x82, 0xb4, 0x00, 0x00, 0x00, 0x39, 0xfa, 0x0f, 0x87, 0xac,
    0xd8, 0x03, 0xc0, 0x89, 0xf9, 0x49, 0x89, 0x55, 0xec, 0x0f, 0x84, 0x6e, 0x15, 0x80, 0x98, 0x07,
    0xf8, 0x00, 0x01, 0x39, 0xc1, 0x0f, 0x42, 0xc1, 0xf7, 0xd8, 0x89, 0x45, 0xf0, 0x31, 0xf6, 0x46,
    0xbb, 0x07, 0x03, 0xe1, 0x89, 0x55, 0xe4, 0x8b, 0x4d, 0xe8, 0x8d, 0x45, 0xec, 0x50, 0xe8, 0x07,
    0xc3, 0x07, 0xf8, 0x0d, 0x04, 0x85, 0xc0, 0x75, 0x6f, 0x8b, 0x55, 0xec, 0x83, 0xfa, 0x02, 0x72,
    0x16, 0x39, 0xfa, 0x77, 0x12, 0x83, 0xc3, 0x04, 0x8b, 0x45, 0xf0, 0x8d, 0x44, 0x30, 0x01, 0x46,
    0x16, 0x0c, 0x61, 0xd1, 0xeb, 0x51, 0x31, 0xff, 0x57, 0x6a, 0x04, 0x57, 0x56, 0xe8, 0x7a, 0xf6,
    0x89, 0x10, 0xa5, 0x08, 0x6c, 0xe4, 0x89, 0x45, 0xec, 0x8b, 0x55, 0xec, 0x8b, 0x45, 0xf0, 0x89,
    0x14, 0xb8, 0x52, 0x14, 0xb5, 0x01, 0x52, 0xb0, 0x0f, 0x47, 0x39, 0xfe, 0x75, 0xdf, 0xfb, 0x14,
    0xa0, 0x30, 0x8b, 0x45, 0xf0, 0xad, 0x0d, 0x88, 0x53, 0xb3, 0x04, 0x93, 0x11, 0x32, 0xa3, 0x04,
    0x86, 0x65, 0x14, 0xb3, 0xe5, 0x57, 0x56, 0x8b, 0x75, 0x1c, 0x64, 0x14, 0xfc, 0x07, 0x48, 0x10,
    0x8b, 0x51, 0x3c, 0x56, 0x57, 0xff, 0x75, 0x14, 0xff, 0x75, 0x10, 0xff, 0x75, 0x0c, 0xff, 0x71,
    0x40, 0xe8, 0x4b, 0x00, 0x28, 0x05, 0xe1, 0x08, 0x89, 0xf8, 0x89, 0xf2, 0x5e, 0x5f, 0x5d, 0xc3,
    0x68, 0x6b, 0x52, 0xc3, 0x13, 0x21, 0xa9, 0x12, 0x00, 0x00, 0x42, 0x80, 0x2c, 0x14, 0xa8, 0x70,
    0x10, 0x8b, 0x46, 0x40, 0x48, 0x0e, 0xc9, 0xff, 0x57, 0x50, 0xff, 0x76, 0x3c, 0xe8, 0xa5, 0x31,
    0x0f, 0x05, 0x32, 0x57, 0x6a, 0x44, 0x56, 0xe8, 0x99, 0x0c, 0x00, 0x3c, 0x84, 0xe7, 0x16, 0xf8,
    0x00, 0x24, 0x89, 0x55, 0xe0, 0x0f, 0xb6, 0x51, 0x0e, 0x89, 0x4d, 0xe8, 0x0f, 0xb7, 0x41, 0x0c,
    0xf1, 0x09, 0x88, 0xe4, 0x0a, 0x03, 0xf9, 0x00, 0x89, 0x5d, 0xf0, 0x3b, 0x5d, 0x18, 0x89, 0x75,
    0xec, 0x1b, 0x75, 0x1c, 0x0f, 0x83, 0xcc, 0xfb, 0x01, 0xfa, 0x05, 0xf0, 0x03, 0x7d, 0x10, 0x8b,
    0x75, 0xec, 0x13, 0x75, 0x14, 0x6a, 0x00, 0xff, 0x75, 0xe4, 0x56, 0x57, 0xe8, 0xcf, 0xe8, 0xcc,
    0x0d, 0xd2, 0xd1, 0x3b, 0x45, 0x08, 0x83, 0xda, 0x00, 0x0f, 0x83, 0xa3, 0xe8, 0x09, 0x99, 0x8b,
    0x14, 0x82, 0x98, 0x01, 0x89, 0x94, 0x6b, 0x01, 0xf9, 0x09, 0xd4, 0x8b, 0x55, 0x18, 0x2b, 0x55,
    0xf0, 0x89, 0x55, 0xd8, 0x8b, 0x55, 0x1c, 0x1b, 0x55, 0xec, 0x89, 0x55, 0xdc, 0x8b, 0x5d, 0xe4,
    0xf7, 0xe3, 0xde, 0x0d, 0xe0, 0x29, 0xc7, 0x19, 0xce, 0x29, 0xfb, 0x89, 0xf0, 0x89, 0x75, 0xd0,
    0xbe, 0xb2, 0x19, 0xf8, 0x15, 0x19, 0xc6, 0x8b, 0x4d, 0xd8, 0x39, 0xd9, 0x8b, 0x55, 0xdc, 0x89,
    0xd0, 0x19, 0xf0, 0x0f, 0x42, 0xd9, 0x0f, 0x42, 0xf2, 0x8b, 0x55, 0xd4, 0x83, 0xc2, 0xfe, 0x8b,
    0x45, 0xe8, 0x0f, 0xb6, 0x40, 0x0e, 0xf7, 0xe2, 0x89, 0x13, 0x0e, 0xe8, 0x03, 0x42, 0x20, 0x83,
    0xd1, 0x00, 0x0f, 0xb7, 0x52, 0x0c, 0x0f, 0xaf, 0xca, 0x0c, 0x0e, 0xf9, 0x0b, 0x01, 0xf8, 0x13,
    0x55, 0xd0, 0x8b, 0x4d, 0x0c, 0x8b, 0x7d, 0xf0, 0x01, 0xf9, 0x56, 0x53, 0x52, 0x50, 0x51, 0x8b,
    0x45, 0xe8, 0xff, 0x30, 0xe8, 0x84, 0x12, 0x7e, 0x0c, 0xd1, 0x01, 0xfb, 0x13, 0x75, 0xec, 0x84,
    0xc0, 0x0f, 0x85, 0x22, 0x89, 0x10, 0xff, 0x01, 0xf0, 0x3b, 0x45, 0x18, 0x8b, 0x45, 0xec, 0x1b,
    0x45, 0x1c, 0x0f, 0x93, 0xc0, 0x83, 0xc4, 0x24, 0xf1, 0x16, 0x02, 0xe0, 0x18, 0x89, 0xd3, 0x0f,
    0xb7, 0x71, 0x0c, 0x89, 0xf0, 0xf7, 0x61, 0x1c, 0xb9, 0x05, 0x10, 0x45, 0xe0, 0x0b, 0xf9, 0x02,
    0x18, 0x89, 0xc7, 0x8b, 0x41, 0x04, 0x83, 0xf8, 0x20, 0x74, 0x5c, 0x83, 0xf8, 0x10, 0x0f, 0x85,
    0x9e, 0xe6, 0x0e, 0xf9, 0x0e, 0xc1, 0xe8, 0x1f, 0x01, 0xdb, 0x89, 0x5d, 0xec, 0x83, 0xc3, 0x02,
    0x89, 0x45, 0xf0, 0x83, 0xd0, 0x00, 0x31, 0xf6, 0x4e, 0x39, 0xdf, 0x8b, 0x7d, 0x08, 0x19, 0xc2,
    0xc7, 0x07, 0x47, 0x1a, 0x90, 0x82, 0xe8, 0xe7, 0x11, 0x98, 0x45, 0xe0, 0x03, 0x2b, 0x02, 0xfc,
    0x01, 0xe4, 0x13, 0x55, 0xf0, 0x6a, 0x00, 0x6a, 0x02, 0x52, 0x50, 0x57, 0xff, 0x31, 0xe8, 0xe8,
    0x11, 0x7d, 0x0c, 0x90, 0x85, 0xbc, 0x52, 0x06, 0x0b, 0xbe, 0x53, 0x21, 0x1e, 0xc1, 0xe3, 0x02,
    0x54, 0x0e, 0x04, 0x54, 0x37, 0xdf, 0x19, 0xc2, 0x0f, 0x82, 0x9d, 0x4b, 0x07, 0x30, 0x04, 0x52,
    0x50, 0x8b, 0x7d, 0x08, 0x4e, 0x0c, 0x9a, 0x4e, 0xc0, 0x74, 0x79, 0x80, 0x67, 0x03, 0x0f, 0xeb,
    0x6c, 0x59, 0x18, 0x7a, 0x11, 0xde, 0xd1, 0xee, 0x31, 0xc0, 0x89, 0x5d, 0xec, 0x01, 0xde, 0x0f,
    0x92, 0xc0, 0x89, 0xf2, 0x83, 0xc2, 0x02, 0x89, 0x45, 0xdc, 0x83, 0xd0, 0x00, 0x39, 0xd7, 0x19,
    0x45, 0xf0, 0x8b, 0x7d, 0x08, 0xa5, 0x78, 0x07, 0x66, 0xc7, 0x45, 0xea, 0x00, 0x00, 0x72, 0x3e,
    0x8b, 0x55, 0xe0, 0x01, 0xf2, 0x8b, 0x75, 0xe4, 0x13, 0x75, 0xdc, 0x8d, 0x45, 0xea, 0xa9, 0x3d,
    0x56, 0x52, 0x50, 0xff, 0x31, 0xe8, 0x3f, 0x5b, 0xa9, 0x1b, 0x0f, 0xb7, 0x45, 0xea, 0xc2, 0x16,
    0x98, 0x25, 0xff, 0x0f, 0x14, 0x0a, 0xf0, 0xec, 0x01, 0x0f, 0x45, 0xc1, 0x89, 0x07, 0x31, 0xf6,
    0xeb, 0x03, 0x31, 0xf6, 0x4e, 0x61, 0x16, 0x8c, 0x18, 0xf8, 0x0a, 0xa1, 0x5d, 0xe9, 0x57, 0xf2,
    0x15, 0x09, 0x94, 0x31, 0xc0, 0x8f, 0x0d, 0xba, 0x8b, 0x5d, 0x0c, 0x53, 0xe8, 0xa0, 0x0b, 0x84,
    0x09, 0xd3, 0xc6, 0x83, 0xc6, 0x02, 0x6a, 0x00, 0x56, 0xe8, 0xf1, 0x2f, 0x27, 0x11, 0xfa, 0x01,
    0x80, 0x3b, 0x2f, 0x74, 0x06, 0xc6, 0x07, 0x2f, 0x89, 0xf8, 0x40, 0x53, 0x50, 0xe8, 0xf0, 0x09,
    0xb4, 0x04, 0xe0, 0x45, 0x08, 0x80, 0x78, 0x0d, 0x01, 0x75, 0x23, 0x57, 0x68, 0x5f, 0x52, 0x61,
    0x0d, 0x95, 0x30, 0x38, 0x95, 0x0d, 0xc1, 0x89, 0xc3, 0x6a, 0x00, 0x56, 0x57, 0xe8, 0xc0, 0xcb,
    0x0f, 0xc4, 0x0c, 0xeb, 0x36, 0x57, 0x50, 0xe8, 0xe7, 0x00, 0xc7, 0x0e, 0x89, 0x10, 0xc1, 0x04,
    0xa1, 0x7c, 0xf4, 0xff, 0xff, 0x19, 0x06, 0x61, 0x74, 0x0a, 0x89, 0xc3, 0x89, 0x78, 0x08, 0x89,
    0x70, 0x0c, 0xeb, 0x0e, 0x36, 0x0a, 0x8a, 0x36, 0x80, 0x44, 0x0b, 0x87, 0x86, 0x03, 0x01, 0x7b,
    0x08, 0x08, 0x80, 0x3e, 0x01, 0x75, 0x19, 0x80, 0x7e, 0x01, 0x00, 0x75, 0x1a, 0xff, 0x76, 0x20,
    0xff, 0x76, 0x1c, 0xff, 0x76, 0x10, 0xe8, 0x5d, 0x63, 0xa8, 0x07, 0x56, 0xff, 0x56, 0x18, 0x99,
    0x0e, 0x52, 0xff, 0x57, 0xff, 0x76, 0x0c, 0xff, 0x76, 0x08, 0xe8, 0x43, 0x47, 0x32, 0x57, 0x6a,
    0x34, 0x56, 0xe8, 0x37, 0x53, 0x86, 0x62, 0x03, 0xfa, 0x04, 0x8b, 0x45, 0x10, 0x8b, 0x4d, 0x08,
    0x8b, 0x59, 0x1c, 0x8b, 0x51, 0x20, 0x29, 0xc3, 0x1b, 0x55, 0x14, 0x72, 0x37, 0xe8, 0x03, 0xf9,
    0x0c, 0x39, 0xfb, 0x19, 0xf2, 0x72, 0x2b, 0x80, 0x39, 0x01, 0x75, 0x1f, 0x80, 0x79, 0x02, 0x01,
    0x74, 0x27, 0x03, 0x41, 0x10, 0x57, 0x50, 0xff, 0x75, 0x0c, 0xe8, 0x01, 0x1e, 0x01, 0x88, 0x0c,
    0xe6, 0x03, 0x81, 0x41, 0x0c, 0x80, 0x9b, 0x02, 0xaa, 0xff, 0x61, 0x14, 0x68, 0xb4, 0x1e, 0x0f,
    0x8a, 0x6e, 0xb8, 0x17, 0x96, 0xb4, 0x0e, 0xb8, 0x17, 0x90, 0x2c, 0x0a, 0xbf, 0x06, 0xc0, 0x8d,
    0x75, 0xca, 0x53, 0x6a, 0x05, 0x53, 0x68, 0x9c, 0x18, 0x88, 0x56, 0x5f, 0x05, 0x95, 0x8a, 0x0f,
    0xdb, 0x0e, 0xfd, 0x02, 0x3d, 0x03, 0x00, 0x00, 0xc6, 0x45, 0xcf, 0x00, 0x68, 0x94, 0x50, 0x01,
    0x00, 0x56, 0xe8, 0xb9, 0x08, 0xd9, 0x0b, 0x90, 0x23, 0x03, 0x72, 0x09, 0xaa, 0x6a, 0x14, 0xe8,
    0x6c, 0x2e, 0x22, 0x06, 0x90, 0x35, 0x50, 0xee, 0x10, 0xf8, 0x00, 0xf6, 0x89, 0x45, 0xe8, 0x74,
    0x14, 0x89, 0xc7, 0x8b, 0x45, 0x08, 0x39, 0x06, 0x0f, 0x84, 0xbe, 0x17, 0x6a, 0x8b, 0x76, 0x0c,
    0x85, 0xf6, 0x75, 0xee, 0x6a, 0x00, 0x6a, 0x10, 0xe8, 0x3f, 0x2d, 0x90, 0x89, 0xc6, 0xdc, 0x04,
    0x89, 0x06, 0xe8, 0x15, 0xa0, 0x31, 0xdb, 0x53, 0x68, 0xe0, 0x14, 0xc8, 0x53, 0x57, 0x8d, 0x85,
    0xcb, 0xf6, 0xff, 0xff, 0x50, 0xe2, 0x05, 0x0e, 0x07, 0x83, 0x90, 0x1e, 0x04, 0xfc, 0x14, 0x01,
    0x1b, 0xb9, 0x83, 0xf8, 0x01, 0x74, 0x23, 0x3d, 0xff, 0x4a, 0x0c, 0xb0, 0x0e, 0x04, 0x00, 0x00,
    0x81, 0xc7, 0x19, 0x15, 0xf8, 0x01, 0x81, 0xff, 0x00, 0x80, 0x08, 0x00, 0x75, 0xb9, 0x68, 0x5a,
    0x58, 0x01, 0x00, 0xe9, 0x02, 0x04, 0x9d, 0x15, 0xf8, 0x05, 0x71, 0xf7, 0xff, 0xff, 0x89, 0x46,
    0x08, 0x8d, 0x48, 0xff, 0x81, 0xf9, 0xff, 0xff, 0xff, 0x03, 0x0f, 0x87, 0xf1, 0x03, 0xea, 0x0f,
    0xa0, 0x81, 0xe1, 0xff, 0x07, 0xa7, 0x12, 0x88, 0xe3, 0x09, 0x0a, 0xb2, 0xff, 0x57, 0x50, 0xe8,
    0xae, 0x2d, 0xa1, 0x0a, 0x28, 0x46, 0x04, 0x8b, 0x8d, 0x69, 0x35, 0xb8, 0xca, 0xc1, 0xe2, 0x0b,
    0xc1, 0xe9, 0x15, 0x7f, 0x11, 0x11, 0x51, 0x52, 0x8c, 0x15, 0x7b, 0x0e, 0x8c, 0x28, 0xb3, 0x03,
    0x00, 0x00, 0xa1, 0xe8, 0x21, 0x89, 0x46, 0x0c, 0x89, 0xf1, 0xf8, 0x05, 0x8b, 0x7d, 0xe8, 0x8b,
    0x5d, 0x0c, 0x89, 0x37, 0x4b, 0x80, 0x7b, 0x01, 0x2f, 0x8d, 0x5b, 0x01, 0x74, 0xf7, 0x8b, 0x46,
    0x7d, 0x03, 0xb0, 0x8b, 0x46, 0x08, 0x89, 0x45, 0xec, 0xbc, 0x17, 0xf8, 0x00, 0xe0, 0x31, 0xf6,
    0x46, 0x0f, 0xb6, 0x03, 0x83, 0xf8, 0x2f, 0x75, 0x03, 0x43, 0xeb, 0xf5, 0x69, 0x08, 0x91, 0xa3,
    0x01, 0x9b, 0x15, 0x5a, 0x21, 0x0f, 0xb6, 0xc8, 0x83, 0xf9, 0x2f, 0x74, 0x19, 0x81, 0xfe, 0xd4,
    0x7a, 0x03, 0x41, 0x03, 0x00, 0x00, 0x88, 0x84, 0x35, 0xca, 0xfe, 0xff, 0xff, 0x8a, 0x04, 0x33,
    0x46, 0xeb, 0xdb, 0xc6, 0x0d, 0xc1, 0x00, 0x83, 0x7d, 0xec, 0x00, 0x0f, 0x84, 0x89, 0x0a, 0x0e,
    0x80, 0xd7, 0x11, 0xd8, 0x0f, 0xb6, 0x02, 0x85, 0xc0, 0x74, 0x40, 0x3c, 0x21, 0x0f, 0x82, 0xb5,
    0x08, 0xa8, 0x39, 0xc7, 0x0f, 0x82, 0x6c, 0x8a, 0x0d, 0x88, 0x8d, 0x41, 0x01, 0xb1, 0x89, 0x55,
    0xd8, 0xe8, 0x11, 0x03, 0xfd, 0x15, 0x8b, 0x51, 0xf4, 0x08, 0x93, 0x75, 0x48, 0x5c, 0x01, 0x99,
    0x8d, 0x85, 0xcb, 0xcc, 0x0d, 0xc8, 0xf0, 0x06, 0x00, 0x00, 0xeb, 0x46, 0x81, 0xff, 0x01, 0x59,
    0x16, 0x90, 0x82, 0x30, 0xee, 0x09, 0xd8, 0xf9, 0xb8, 0x00, 0xf8, 0xff, 0xff, 0x21, 0xc1, 0x89,
    0xf8, 0x25, 0x24, 0x01, 0x18, 0x39, 0xcf, 0xbf, 0x10, 0xb9, 0x8d, 0x3c, 0x39, 0x0f, 0x45, 0xf9,
    0xb9, 0x81, 0x16, 0x27, 0x44, 0xc1, 0xeb, 0x22, 0x48, 0x04, 0x91, 0xde, 0x06, 0xea, 0x11, 0x81,
    0x3a, 0x1a, 0xe8, 0x55, 0xd8, 0x0f, 0xb6, 0x02, 0x29, 0xc7, 0x01, 0xc2, 0x85, 0xff, 0x0f, 0x85,
    0x18, 0x17, 0x91, 0xe9, 0xd8, 0xc1, 0x04, 0xe0, 0xd8, 0x8b, 0x48, 0x0a, 0x80, 0x7c, 0x33, 0xff,
    0x00, 0x0f, 0x84, 0xfb, 0x71, 0x1a, 0x30, 0x40, 0x19, 0x02, 0x0f, 0x84, 0xbd, 0x1b, 0xb0, 0x78,
    0x02, 0xf6, 0x45, 0xe0, 0x01, 0xad, 0x18, 0xe0, 0xff, 0x75, 0xec, 0xff, 0x75, 0xf0, 0x89, 0x4d,
    0xdc, 0xe8, 0x2d, 0x2b, 0xa9, 0x0c, 0x88, 0xdc, 0xf1, 0x14, 0x9a, 0x41, 0xff, 0x3d, 0xbc, 0x01,
    0x80, 0xfe, 0x1b, 0x11, 0x89, 0xc8, 0x97, 0x98, 0x0f, 0x85, 0x99, 0x9a, 0x07, 0xd2, 0xf3, 0x31,
    0xc0, 0x50, 0x51, 0x89, 0xce, 0xe8, 0xef, 0x2b, 0x60, 0x0c, 0xbb, 0xf9, 0xc1, 0xe1, 0x0b, 0xc1,
    0xef, 0x15, 0x2f, 0x1a, 0xb0, 0x31, 0xd2, 0x52, 0x56, 0x57, 0x51, 0x2b, 0x0c, 0x80, 0x4c, 0x02,
    0xb1, 0xbb, 0x0c, 0x00, 0x00, 0x89, 0xf1, 0x4e, 0x02, 0xb9, 0x89, 0x75, 0xec, 0x8b, 0x7d, 0xe8,
    0xbe, 0x71, 0x19, 0x90, 0x85, 0x67, 0x31, 0x0e, 0x98, 0xdb, 0x53, 0x51, 0x5a, 0x07, 0x92, 0xb7,
    0x2a, 0x92, 0x18, 0x2a, 0x6a, 0x14, 0x57, 0xe8, 0xab, 0x0c, 0x11, 0xeb, 0x44, 0x9d, 0x0c, 0x10,
    0x9d, 0x12, 0xe8, 0x93, 0x24, 0x80, 0xf5, 0x02, 0x1f, 0x57, 0xeb, 0x1d, 0x1d, 0x04, 0x0e, 0x76,
    0x1d, 0xb5, 0xff, 0x75, 0xe8, 0xe8, 0x67, 0x2a, 0x23, 0x04, 0xa3, 0x81, 0xc4, 0x2c, 0x0a, 0xd3,
    0x0f, 0xf2, 0x89, 0x4d, 0xdc, 0x8b, 0x45, 0xf0, 0x8b, 0x4d, 0xec, 0x01, 0xc8, 0x89, 0x45, 0xd0,
    0xae, 0x01, 0xa8, 0x8b, 0x55, 0xd8, 0xe8, 0x63, 0x07, 0x11, 0xf0, 0x75, 0xd8, 0x31, 0xdb, 0x43,
    0x80, 0x7e, 0x19, 0x00, 0x89, 0xd8, 0xc7, 0x45, 0xd4, 0xd3, 0x06, 0x13, 0x79, 0x73, 0x09, 0xf8,
    0x18, 0x31, 0xc0, 0x40, 0x89, 0x45, 0xe4, 0x89, 0xf1, 0x8b, 0x55, 0xd0, 0xe8, 0x73, 0x02, 0x00,
    0x00, 0x85, 0xc0, 0x74, 0x4e, 0x89, 0xc6, 0x8d, 0xbd, 0xcb, 0xf5, 0xff, 0xff, 0x89, 0xf9, 0x89,
    0xc2, 0xe8, 0x22, 0x01, 0x00, 0x00, 0x80, 0xbd, 0x9a, 0x01, 0x9c, 0x00, 0x74, 0x34, 0x48, 0x03,
    0x9b, 0xe8, 0x0b, 0x05, 0xd2, 0x04, 0x80, 0xe0, 0x1b, 0xa0, 0xdc, 0x03, 0x46, 0x0a, 0xc2, 0x05,
    0x90, 0x55, 0xd4, 0x72, 0x11, 0x89, 0x3d, 0x9f, 0x1a, 0x10, 0x0e, 0x40, 0x70, 0xf8, 0x0b, 0x78,
    0xa3, 0xeb, 0x0a, 0x8b, 0x45, 0xe4, 0xeb, 0x05, 0xb8, 0x00, 0x00, 0x01, 0x00, 0x31, 0xc9, 0x51,
    0x6a, 0x08, 0x51, 0x50, 0x89, 0xc6, 0xe8, 0xca, 0x2a, 0x79, 0x10, 0xe8, 0xd8, 0x83, 0xc4, 0x10,
    0x8b, 0x4d, 0xe8, 0x89, 0x41, 0x10, 0x89, 0x71, 0x0c, 0x5e, 0x11, 0x90, 0x41, 0x08, 0xe1, 0x19,
    0xd0, 0x41, 0x04, 0x89, 0x75, 0xe4, 0xf7, 0xde, 0x8b, 0x42, 0x02, 0x02, 0x03, 0x4a, 0x4f, 0x10,
    0x89, 0x44, 0xd9, 0xf8, 0x8b, 0x42, 0x0a, 0x0a, 0x40, 0xfc, 0x3b, 0x5d, 0xe4, 0x73, 0x10, 0x89,
    0xd1, 0xb0, 0x88, 0xc3, 0x4a, 0x0c, 0x88, 0xc2, 0x46, 0x05, 0xa8, 0x8d, 0x44, 0x1e, 0x01, 0x43,
    0x2a, 0x15, 0x8f, 0xca, 0x3c, 0x01, 0x04, 0x94, 0x3a, 0x29, 0x59, 0x01, 0xa3, 0x34, 0xe8, 0x1e,
    0x2a, 0xbc, 0x0f, 0x00, 0x74, 0xf8, 0x0d, 0x48, 0x10, 0xc7, 0x40, 0x14, 0xc5, 0x15, 0x01, 0x00,
    0xc7, 0x40, 0x18, 0x3b, 0x17, 0x01, 0x00, 0x8b, 0x41, 0x04, 0x8b, 0x49, 0x08, 0x89, 0x43, 0x1c,
    0x89, 0x4b, 0x20, 0x41, 0x04, 0xa0, 0x43, 0x04, 0xe9, 0x9c, 0x1d, 0x0f, 0xc9, 0xe6, 0x55, 0x01,
    0x00, 0xeb, 0x0c, 0x68, 0xba, 0x59, 0x07, 0x14, 0x8a, 0xb8, 0xa1, 0x1c, 0xfd, 0x03, 0xcb, 0x09,
    0x00, 0x00, 0x68, 0xd5, 0x52, 0x01, 0x00, 0xeb, 0xf2, 0x68, 0xab, 0x53, 0x01, 0x00, 0xeb, 0xeb,
    0xa3, 0x1f, 0xf9, 0x0e, 0x89, 0x4d, 0xf0, 0x8a, 0x02, 0x89, 0xc3, 0x0f, 0xb6, 0xc8, 0x0f, 0xb6,
    0x42, 0x20, 0x8d, 0x70, 0x21, 0x89, 0x75, 0xe8, 0x39, 0xce, 0x89, 0x55, 0xec, 0x76, 0x07, 0x89,
    0xda, 0x6c, 0x1e, 0xf8, 0x06, 0x8d, 0x74, 0x02, 0x21, 0x89, 0xcf, 0x29, 0xc7, 0x83, 0xc7, 0xdf,
    0xa8, 0x01, 0x75, 0x0c, 0x85, 0xff, 0x89, 0xda, 0x0f, 0x84, 0xc1, 0x15, 0xf8, 0x24, 0x46, 0x4f,
    0x83, 0xff, 0x04, 0x72, 0x74, 0x31, 0xc9, 0x31, 0xc0, 0x80, 0x7e, 0x03, 0x01, 0x75, 0x61, 0x0f,
    0xb6, 0x56, 0x02, 0x85, 0xd2, 0x74, 0x59, 0x39, 0xd7, 0x72, 0x55, 0x80, 0x3e, 0x4e, 0x75, 0x41,
    0x80, 0xfa, 0x05, 0x72, 0x3c, 0x80, 0x7e, 0x01, 0x4d, 0x75, 0x36, 0x8d, 0x5c, 0x02, 0xfb, 0x81,
    0xfb, 0x0d, 0x17, 0x98, 0x0f, 0x83, 0xaf, 0x5f, 0x06, 0xe9, 0xc2, 0xfb, 0x03, 0x45, 0xf0, 0x8d,
    0x4e, 0x05, 0x52, 0x51, 0x50, 0xe8, 0x52, 0x51, 0x10, 0x2a, 0x0c, 0xf6, 0x46, 0x04, 0x01, 0x5b,
    0x00, 0x4a, 0x78, 0x02, 0xb1, 0x01, 0xeb, 0x02, 0x89, 0xc3, 0x29, 0xd7, 0x01, 0xd6, 0x83, 0xff,
    0x03, 0x89, 0xd8, 0x77, 0x9b, 0x0f, 0xb8, 0xb0, 0x01, 0xf6, 0xc1, 0x01, 0x75, 0x5e, 0x96, 0x1e,
    0x42, 0xb6, 0x41, 0x20, 0x8a, 0x11, 0x0f, 0xb6, 0xca, 0xb4, 0xfa, 0x08, 0x31, 0xdb, 0x80, 0xfa,
    0x22, 0x8d, 0x51, 0xdf, 0x0f, 0x42, 0xd3, 0x39, 0x4d, 0xe8, 0x0f, 0x46, 0xd0, 0x85, 0xd2, 0x74,
    0x35, 0x31, 0xdb, 0xfb, 0x15, 0xf8, 0x13, 0x0f, 0xb6, 0x44, 0x1f, 0x21, 0x83, 0xf8, 0x2e, 0x74,
    0x07, 0x83, 0xf8, 0x3b, 0x74, 0x1e, 0xeb, 0x0e, 0x8d, 0x4b, 0x01, 0x39, 0xd1, 0x73, 0x07, 0x80,
    0x7c, 0x1f, 0x22, 0x3b, 0x74, 0x0e, 0x88, 0x04, 0x1e, 0xc2, 0x0d, 0xfc, 0x01, 0xd9, 0x31, 0xc0,
    0x89, 0xd3, 0xeb, 0x02, 0x31, 0xc0, 0x8b, 0x4d, 0xf0, 0xc6, 0x04, 0x19, 0x00, 0xc4, 0x1f, 0xb9,
    0xb0, 0x01, 0xeb, 0xed, 0x68, 0x2d, 0x59, 0xeb, 0x1d, 0x92, 0x81, 0x08, 0xeb, 0x1d, 0xf8, 0x01,
    0x56, 0x0f, 0xb6, 0x01, 0x85, 0xc0, 0x74, 0x2a, 0x01, 0xc1, 0x31, 0xc0, 0x39, 0xd1, 0x0f, 0x83,
    0xa7, 0x1d, 0xc9, 0x8a, 0x19, 0x84, 0xdb, 0x74, 0x4b, 0x80, 0xfb, 0x21, 0xc9, 0x12, 0xf9, 0x06,
    0x72, 0x70, 0x0f, 0xb6, 0xf3, 0x29, 0xca, 0x31, 0xc0, 0x39, 0xf2, 0x0f, 0x43, 0xc1, 0xeb, 0x62,
    0x41, 0x31, 0xdb, 0x81, 0xc1, 0xb7, 0x03, 0xc0, 0x92, 0xc3, 0x89, 0xde, 0xf7, 0xde, 0x81, 0xe1,
    0x64, 0x04, 0x7f, 0x0e, 0x31, 0xc0, 0x31, 0xde, 0x0f, 0x95, 0xc3, 0x0f, 0x45, 0xc8, 0x39, 0xd1,
    0x0f, 0x93, 0xc2, 0x08, 0xda, 0x75, 0x39, 0x31, 0xc0, 0x80, 0x39, 0x00, 0x0f, 0x45, 0xc1, 0xeb,
    0x2f, 0x33, 0x19, 0x28, 0xc7, 0x08, 0xdf, 0x75, 0x06, 0x7a, 0x9e, 0x75, 0x86, 0x5e, 0x70, 0x20,
    0xac, 0xec, 0x30, 0x8b, 0x4d, 0x18, 0xcb, 0x0a, 0x89, 0x0c, 0xb1, 0x14, 0xb0, 0x0f, 0x94, 0xc0,
    0x0b, 0x4d, 0x1c, 0x82, 0x1d, 0xc1, 0x0f, 0x94, 0xc1, 0x08, 0xc1, 0x0f, 0x85, 0x20, 0x71, 0x14,
    0xf8, 0x09, 0x14, 0x89, 0x45, 0xd4, 0x8b, 0x45, 0x10, 0x89, 0x45, 0xdc, 0x8b, 0x45, 0x0c, 0x89,
    0x45, 0xd8, 0x31, 0xff, 0x31, 0xc9, 0x41, 0x8b, 0x45, 0x18, 0x95, 0x0b, 0xa8, 0x45, 0x1c, 0x89,
    0x45, 0xf0, 0x7c, 0x0e, 0xf0, 0x31, 0xc0, 0x89, 0x75, 0xe0, 0x89, 0x5d, 0xcc, 0x8b, 0x76, 0x10,
    0x89, 0x4d, 0xd0, 0x0f, 0x1b, 0xf8, 0x01, 0x74, 0xce, 0xfc, 0x01, 0xf2, 0x83, 0xd0, 0x00, 0x8b,
    0x5d, 0xdc, 0x89, 0x55, 0xc4, 0x39, 0xd3, 0xda, 0x1c, 0xc8, 0xca, 0x89, 0x45, 0xc8, 0x19, 0xc2,
    0x0f, 0x83, 0x8b, 0xb2, 0x0a, 0xd1, 0xf8, 0x31, 0xff, 0x89, 0xda, 0x29, 0xc2, 0x1b, 0x4d, 0xcc,
    0x6d, 0x21, 0x82, 0x13, 0x01, 0xf8, 0x0f, 0x04, 0x89, 0xcb, 0x89, 0xd0, 0x89, 0x5d, 0xe4, 0x29,
    0xc6, 0x19, 0xdf, 0x8b, 0x55, 0xec, 0x39, 0xf2, 0x8b, 0x5d, 0xf0, 0x89, 0xd9, 0x19, 0xf9, 0x89,
    0x5d, 0xf0, 0x0f, 0x42, 0xfb, 0x71, 0x0c, 0xf8, 0x0a, 0x42, 0xf2, 0x8b, 0x4d, 0xd0, 0x8b, 0x55,
    0xe8, 0x8b, 0x54, 0xca, 0xf8, 0x89, 0xd1, 0xc1, 0xe9, 0x15, 0xc1, 0xe2, 0x0b, 0x01, 0xc2, 0x13,
    0x4d, 0xe4, 0x9d, 0x0d, 0xf4, 0x00, 0x57, 0x56, 0x51, 0x52, 0x8b, 0x5d, 0xd8, 0x53, 0xff, 0x30,
    0xe8, 0xf1, 0x07, 0xcc, 0x0b, 0xf8, 0x04, 0x6f, 0x01, 0xf3, 0x89, 0x5d, 0xd8, 0x8b, 0x5d, 0xdc,
    0x01, 0xf3, 0x11, 0x7d, 0xd4, 0x8b, 0x4d, 0xec, 0x29, 0xf1, 0xd1, 0x1a, 0x48, 0xfa, 0x8b, 0x75,
    0xe0, 0x8b, 0x7e, 0x0c, 0xeb, 0x0c, 0x08, 0x91, 0x4d, 0xec, 0x2d, 0x06, 0xb8, 0xe4, 0x89, 0xc8,
    0x09, 0xd0, 0x89, 0xc8, 0x05, 0x01, 0xf1, 0x8b, 0x4d, 0xd0, 0x89, 0x7d, 0xe4, 0x39, 0xf9, 0x73,
    0x1c, 0x89, 0x5d, 0xdc, 0x41, 0xb4, 0x15, 0xf8, 0x00, 0xf0, 0x09, 0xd0, 0x8b, 0x55, 0xc4, 0x89,
    0xd7, 0x8b, 0x45, 0xc8, 0x89, 0xc3, 0x0f, 0x85, 0x30, 0x1f, 0xfa, 0x00, 0x80, 0x7d, 0xe8, 0x00,
    0x75, 0x1a, 0x8b, 0x45, 0x18, 0x8b, 0x55, 0x1c, 0x83, 0xc4, 0x30, 0xf6, 0x1f, 0x8a, 0x88, 0x0b,
    0x02, 0xb8, 0x76, 0x06, 0x00, 0x00, 0x68, 0x21, 0x54, 0x55, 0x03, 0x87, 0x3a, 0x0c, 0x02, 0xa2,
    0x0c, 0xc1, 0xe0, 0x03, 0x3a, 0x0c, 0xa3, 0x10, 0xe8, 0x6b, 0x25, 0xd8, 0x08, 0x20, 0x14, 0x56,
    0xe8, 0x5f, 0x0c, 0x85, 0x3a, 0x0c, 0x64, 0x8b, 0x45, 0x08, 0x83, 0xc0, 0xe0, 0x83, 0xf8, 0x5f,
    0x0f, 0x92, 0xc0, 0x11, 0xb0, 0x8d, 0x48, 0xf7, 0x83, 0xf9, 0x05, 0x39, 0x0f, 0x3e, 0xf8, 0x20,
    0x0f, 0x94, 0xc0, 0x08, 0xc8, 0x2a, 0x25, 0xd0, 0x83, 0xf8, 0x0a, 0x2a, 0x74, 0x4d, 0x08, 0x8d,
    0x51, 0x9f, 0x8d, 0x41, 0xe0, 0x83, 0xfa, 0x1a, 0x0f, 0x43, 0xc1, 0x14, 0x32, 0x89, 0xc8, 0xf7,
    0xd8, 0x0f, 0x48, 0x0f, 0x88, 0x53, 0xc5, 0x0b, 0xfa, 0x09, 0x45, 0x08, 0x8a, 0x19, 0x31, 0xd2,
    0x84, 0xdb, 0x74, 0x0a, 0x88, 0x1c, 0x10, 0x8a, 0x5c, 0x11, 0x01, 0x42, 0xeb, 0xf2, 0xc6, 0x04,
    0x10, 0x00, 0x51, 0x15, 0x08, 0x56, 0x23, 0xf8, 0x18, 0x55, 0x08, 0x8a, 0x02, 0x8a, 0x21, 0x38,
    0xe0, 0x75, 0x12, 0x31, 0xf6, 0x46, 0x84, 0xc0, 0x74, 0x18, 0x8a, 0x04, 0x32, 0x8a, 0x24, 0x31,
    0x46, 0x38, 0xe0, 0x74, 0xf1, 0x31, 0xc9, 0x38, 0xe0, 0x0f, 0x93, 0xc1, 0x8d, 0x44, 0x09, 0xff,
    0x15, 0x03, 0x8c, 0x5e, 0x8f, 0x09, 0x02, 0x5b, 0x79, 0x20, 0x0f, 0xb6, 0x10, 0x89, 0xd0, 0x04,
    0xbf, 0x89, 0xd6, 0x83, 0xce, 0x20, 0x3c, 0x1a, 0x0f, 0xb6, 0x01, 0x0f, 0x43, 0xf2, 0x89, 0xc1,
    0x80, 0xc1, 0xbf, 0x89, 0xc3, 0x83, 0xcb, 0x20, 0x80, 0xf9, 0x1a, 0x0f, 0x43, 0xd8, 0x39, 0xde,
    0x75, 0x3a, 0x31, 0xff, 0x47, 0x84, 0xd2, 0x74, 0x40, 0x32, 0x58, 0x14, 0x38, 0x8b, 0x45, 0x0c,
    0x0f, 0xb6, 0x04, 0x38, 0x89, 0xd1, 0x29, 0x00, 0x3b, 0x00, 0x29, 0x07, 0x39, 0x07, 0x7a, 0x00,
    0x47, 0x39, 0xde, 0x74, 0xc9, 0x31, 0xc0, 0x39, 0xde, 0x0f, 0x93, 0xc0, 0x8d, 0x44, 0x00, 0x80,
    0x16, 0x5f, 0x5b, 0x82, 0x79, 0x1f, 0x10, 0x85, 0xc9, 0x74, 0x20, 0x8b, 0x55, 0x0c, 0x8b, 0x75,
    0x08, 0x49, 0x31, 0xff, 0x8a, 0x1c, 0x3e, 0x3a, 0x1c, 0x3a, 0x75, 0x13, 0x31, 0xc0, 0x84, 0xdb,
    0x74, 0x17, 0x39, 0xf9, 0x8d, 0x7f, 0x01, 0x75, 0xeb, 0xeb, 0x0e, 0x31, 0xc0, 0xeb, 0x0a, 0x0f,
    0x93, 0xc0, 0x0f, 0xb6, 0x44, 0x86, 0x49, 0x16, 0x12, 0x56, 0x50, 0x41, 0x39, 0x4a, 0x49, 0x31,
    0xff, 0x89, 0x4d, 0xf0, 0xcd, 0x0d, 0x0c, 0x9b, 0x30, 0xca, 0x80, 0xc2, 0xbf, 0x89, 0xcb, 0xc4,
    0x80, 0x5e, 0x01, 0x52, 0xd9, 0x89, 0xc2, 0x89, 0xc6, 0x80, 0xc2, 0xbf, 0x83, 0xc8, 0x10, 0x72,
    0xc6, 0x39, 0xc3, 0x75, 0x16, 0x31, 0xc0, 0x84, 0xc9, 0x74, 0x1a, 0x8b, 0x4d, 0xf0, 0x6b, 0x0f,
    0xbe, 0x6b, 0x05, 0x19, 0x83, 0xc4, 0x04, 0x6e, 0x81, 0xb6, 0x0b, 0xf6, 0x48, 0x8b, 0x4d, 0x08,
    0x80, 0x7c, 0x01, 0x01, 0x00, 0x8d, 0x40, 0x01, 0x75, 0xf6, 0x12, 0x24, 0xfc, 0x06, 0x08, 0x8b,
    0x4d, 0x08, 0xbf, 0xfc, 0xff, 0xff, 0xff, 0x8d, 0x75, 0xf0, 0x89, 0xcb, 0x6a, 0x0a, 0x56, 0x51,
    0xe8, 0x52, 0x01, 0xb1, 0x13, 0xf8, 0x09, 0x39, 0xcb, 0x74, 0x36, 0x83, 0xff, 0xff, 0x8a, 0x19,
    0x74, 0x08, 0x80, 0xfb, 0x2e, 0x75, 0x2a, 0x41, 0xeb, 0x04, 0x84, 0xdb, 0x75, 0x23, 0xbb, 0xf0,
    0x09, 0x91, 0x39, 0xc3, 0xbf, 0x24, 0x7d, 0x0e, 0x19, 0xd3, 0x72, 0x13, 0x88, 0x44, 0x3d, 0xf0,
    0x47, 0x75, 0xc1, 0x8b, 0x45, 0xec, 0x8b, 0x4d, 0x0c, 0x89, 0x01, 0x31, 0xc0, 0xeb, 0x03, 0x31,
    0xc0, 0x48, 0x83, 0xc4, 0x08, 0xed, 0x80, 0x2c, 0x01, 0xfb, 0x08, 0x8b, 0x45, 0x08, 0x85, 0xc9,
    0x74, 0x10, 0x8b, 0x55, 0x0c, 0x31, 0xf6, 0x8a, 0x1c, 0x32, 0x88, 0x1c, 0x30, 0x46, 0x39, 0xf1,
    0x75, 0xf5, 0x2f, 0x04, 0x06, 0x22, 0x6c, 0x0b, 0x8b, 0x55, 0x0c, 0x89, 0xc6, 0x88, 0x16, 0x46,
    0x49, 0x75, 0xfa, 0x5e, 0x3f, 0x92, 0x55, 0x10, 0xf0, 0x01, 0x40, 0x39, 0xc1, 0x76, 0x13, 0x85,
    0xd2, 0x74, 0x2a, 0x43, 0x09, 0x31, 0x43, 0xe0, 0xf2, 0x75, 0xf5, 0xeb, 0x1b, 0x0f, 0x93, 0xc3,
    0x85, 0xd2, 0x0f, 0x94, 0x86, 0x04, 0x7d, 0x02, 0x0f, 0x89, 0xd6, 0x4e, 0x8a, 0x5c, 0x11, 0xff,
    0x88, 0x5c, 0x10, 0xff, 0x89, 0xf2, 0x75, 0xf3, 0x5e, 0x83, 0xb2, 0x45, 0x10, 0x85, 0xc0, 0x74,
    0x15, 0x70, 0x02, 0x01, 0x40, 0xd7, 0x38, 0x1c, 0x32, 0x75, 0x09, 0x46, 0x39, 0xf0, 0x75, 0xf3,
    0xa4, 0x01, 0x03, 0x03, 0x33, 0x88, 0x8a, 0xcd, 0x02, 0x7c, 0x00, 0xc0, 0xe8, 0x04, 0x0f, 0xb6,
    0xc0, 0x01, 0xc0, 0x8d, 0x04, 0x40, 0xf7, 0xd8, 0x00, 0xc8, 0x19, 0x98, 0x0f, 0xbe, 0xc1, 0xa3,
    0x01, 0xd9, 0x9f, 0x80, 0xfa, 0x05, 0x77, 0x05, 0x83, 0xc0, 0xa9, 0xeb, 0x1e, 0xb2, 0x01, 0x03,
    0x0f, 0xfe, 0x03, 0xc9, 0xeb, 0x0f, 0x80, 0xc1, 0xd0, 0x83, 0xc0, 0xd0, 0x31, 0xd2, 0x4a, 0x80,
    0xf9, 0x0a, 0x0f, 0x43, 0xc2, 0x78, 0x1d, 0x8c, 0x14, 0x44, 0x19, 0x88, 0x7d, 0x4f, 0x0c, 0xa8,
    0x89, 0xf8, 0xc1, 0xf8, 0x1f, 0xa9, 0x0f, 0x48, 0xf6, 0x0f, 0xbe, 0x11, 0x89, 0xd0, 0x04, 0x9f,
    0x3c, 0x50, 0x08, 0xc2, 0x50, 0x1a, 0xd0, 0x04, 0xbf, 0x0d, 0x10, 0xc9, 0xeb, 0x1a, 0xb8, 0xd0,
    0x83, 0xc2, 0xd0, 0x3c, 0x0a, 0xb8, 0x56, 0x22, 0xf8, 0x07, 0x0f, 0x43, 0xd0, 0x83, 0xfa, 0xff,
    0x74, 0x7a, 0x39, 0xfa, 0x7d, 0x76, 0x89, 0x55, 0xe0, 0x89, 0x4d, 0xe8, 0x85, 0xf6, 0x0f, 0x95,
    0x59, 0x1d, 0x80, 0xdc, 0x22, 0x78, 0x0d, 0xc1, 0x20, 0xd1, 0xf7, 0x65, 0xf0, 0x89, 0xc3, 0x0f,
    0x90, 0x45, 0xef, 0x89, 0xf0, 0xf7, 0xe7, 0x0f, 0x90, 0xc5, 0x0a, 0x6d, 0xef, 0x08, 0xcd, 0x01,
    0xc3, 0x89, 0xf8, 0x19, 0x88, 0xd6, 0x40, 0x0e, 0xa8, 0xc1, 0x08, 0xe9, 0x80, 0xf9, 0xc7, 0x22,
    0xf9, 0x0a, 0x74, 0x4a, 0x8b, 0x4d, 0xe0, 0x89, 0xc8, 0xc1, 0xf8, 0x1f, 0x01, 0x4d, 0xf0, 0x11,
    0xc6, 0x89, 0xc1, 0x83, 0xd1, 0x00, 0x83, 0xd0, 0x00, 0x89, 0xca, 0x4e, 0x19, 0xf9, 0x06, 0x31,
    0xd0, 0x31, 0xd1, 0x09, 0xc1, 0x8b, 0x4d, 0xe8, 0x75, 0x35, 0x85, 0xd2, 0x78, 0x31, 0x41, 0x8b,
    0x7d, 0x10, 0xe9, 0x53, 0xff, 0x1f, 0x80, 0x01, 0x1d, 0x98, 0x02, 0x89, 0x08, 0x2f, 0x11, 0xa1,
    0xf2, 0x83, 0xc4, 0x14, 0x69, 0x02, 0x19, 0x31, 0xf6, 0x4e, 0x19, 0x18, 0x89, 0x75, 0xf0, 0x33,
    0x19, 0xe1, 0xeb, 0xe1, 0x28, 0x89, 0xbe, 0x7d, 0x21, 0xb4, 0x75, 0xf0, 0x75, 0xd0, 0xeb, 0xd0,
    0xfa, 0x02, 0xc0, 0x7d, 0x14, 0x85, 0xff, 0x74, 0x6f, 0x8b, 0x5d, 0xc4, 0x03, 0xa2, 0x8d, 0x54,
    0x38, 0xff, 0x8f, 0x0b, 0xc0, 0x89, 0x55, 0xf0, 0x74, 0x24, 0x8b, 0x75, 0x10, 0xcb, 0x1c, 0xa0,
    0x56, 0xe8, 0x44, 0xfd, 0xef, 0x0d, 0xb9, 0x04, 0x39, 0xf8, 0x73, 0x46, 0x40, 0x50, 0x07, 0x0d,
    0x09, 0xb1, 0x12, 0x7d, 0x02, 0x0c, 0xeb, 0x32, 0x8b, 0x7d, 0x08, 0xc6, 0x07, 0x2f, 0x8d, 0x77,
    0x01, 0xeb, 0x54, 0x56, 0xe8, 0x1c, 0x28, 0xc0, 0x1e, 0x89, 0xc6, 0x40, 0x50, 0xff, 0x75, 0x10,
    0x46, 0x0f, 0x12, 0xe8, 0x84, 0x2d, 0xc8, 0x01, 0xfe, 0x8b, 0x55, 0xf0, 0xeb, 0x2e, 0xb0, 0x01,
    0x3e, 0x04, 0x84, 0x13, 0x03, 0xe8, 0x43, 0x8b, 0x55, 0xf0, 0x8a, 0x03, 0x3c, 0x2f, 0x74, 0x15,
    0x0f, 0xb6, 0xc8, 0x7c, 0x1a, 0x88, 0x13, 0xb4, 0x0b, 0xe0, 0xd6, 0x73, 0xdd, 0x88, 0x06, 0x43,
    0x46, 0xeb, 0xe5, 0x43, 0xb0, 0x2f, 0xc0, 0x0e, 0x61, 0xdf, 0x6a, 0x02, 0x68, 0x28, 0x5b, 0x01,
    0x00, 0x53, 0xe8, 0x0b, 0xfc, 0x4c, 0x80, 0x93, 0x14, 0x88, 0xe9, 0xd8, 0x16, 0x19, 0x03, 0x68,
    0x2f, 0x18, 0x15, 0xf3, 0xfb, 0x18, 0x0a, 0xd1, 0x18, 0x09, 0x2b, 0x30, 0x0e, 0xdb, 0x18, 0x88,
    0xa0, 0x08, 0x17, 0x19, 0x04, 0x68, 0x33, 0x48, 0x0e, 0xc3, 0x18, 0x0a, 0x88, 0x30, 0x10, 0x8d,
    0x57, 0x60, 0x0c, 0xab, 0x18, 0x38, 0x74, 0x47, 0x6a, 0x02, 0x68, 0x1f, 0x56, 0x74, 0x0e, 0x97,
    0x2c, 0x28, 0x4d, 0xff, 0xff, 0xff, 0x39, 0xc8, 0x90, 0x0f, 0x86, 0x25, 0x25, 0xc0, 0x8d, 0x46,
    0xff, 0x39, 0xf8, 0x0f, 0x84, 0x3b, 0x1a, 0x06, 0x28, 0x38, 0x2f, 0x0f, 0x84, 0x32, 0x1f, 0x98,
    0xd6, 0x0f, 0x83, 0xfa, 0x21, 0x29, 0xc6, 0x06, 0x2f, 0xe9, 0x3a, 0x2f, 0x79, 0x1a, 0x76, 0x11,
    0x8b, 0x55, 0xf0, 0x80, 0x3e, 0x2f, 0x74, 0x0c, 0x4e, 0x39, 0xfe, 0x77, 0xf6, 0x89, 0xfe, 0xeb,
    0x03, 0x8b, 0x55, 0xf0, 0x31, 0xc0, 0x39, 0xfe, 0x0f, 0x94, 0xc0, 0xc6, 0x04, 0x06, 0x00, 0x01,
    0xc6, 0x83, 0xc3, 0x02, 0xe9, 0xf5, 0xfe, 0x2d, 0x08, 0x0c, 0x2a, 0x0b, 0x07, 0x2a, 0x03, 0x25,
    0x10, 0x01, 0xc6, 0x46, 0xfb, 0x07, 0x8d, 0x46, 0xff, 0x80, 0x7e, 0xff, 0x2f, 0x89, 0xc1, 0x0f,
    0x45, 0xce, 0x39, 0xf8, 0x0f, 0x45, 0xf1, 0xc6, 0x06, 0x00, 0xe9, 0xad, 0x23, 0x19, 0x98, 0x56,
    0x50, 0x8d, 0xb6, 0x07, 0xb0, 0xf4, 0xc6, 0x05, 0xb1, 0xc3, 0x05, 0x88, 0x2a, 0x81, 0xdd, 0x1d,
    0xd0, 0x75, 0x05, 0xe8, 0x75, 0xd7, 0x00, 0x00, 0xa1, 0xe0, 0xd3, 0x6e, 0x1f, 0xf8, 0x0c, 0x74,
    0x12, 0x8b, 0x0d, 0xdc, 0xd3, 0x05, 0x00, 0x8b, 0x11, 0xc6, 0x42, 0x04, 0x01, 0x83, 0xc1, 0x04,
    0x48, 0x75, 0xf4, 0x8b, 0x75, 0x0c, 0x8a, 0x5d, 0x08, 0xa0, 0x18, 0x1f, 0x18, 0x8b, 0x0d, 0xe4,
    0x27, 0x6e, 0xc9, 0x0f, 0x94, 0xc2, 0x84, 0xd0, 0x74, 0x10, 0xe8, 0x8b, 0x28, 0x02, 0x00, 0x19,
    0xfa, 0x0a, 0x00, 0x83, 0xf9, 0x03, 0xb9, 0x42, 0x54, 0x01, 0x00, 0xba, 0xb3, 0x54, 0x01, 0x00,
    0x0f, 0x44, 0xca, 0x84, 0xc0, 0x0f, 0x44, 0xca, 0x51, 0xe8, 0x98, 0x81, 0x1e, 0xb2, 0xff, 0x75,
    0xf4, 0x56, 0xe8, 0xa5, 0xdd, 0x1e, 0x90, 0x68, 0x22, 0x74, 0x1f, 0x8b, 0x7f, 0x9a, 0x1e, 0x99,
    0x00, 0xe8, 0x9c, 0x99, 0x19, 0xab, 0x04, 0x84, 0xdb, 0x74, 0x3c, 0x82, 0x1f, 0xd0, 0x74, 0x33,
    0xb8, 0x14, 0x56, 0x01, 0x00, 0xb9, 0x3b, 0x51, 0x7c, 0x16, 0x99, 0xcc, 0x81, 0x05, 0x90, 0x14,
    0x98, 0x51, 0x68, 0xbe, 0xa7, 0x1e, 0x0a, 0x46, 0x46, 0xc8, 0xe8, 0xcb, 0x49, 0x01, 0x00, 0xe8,
    0x86, 0x27, 0x02, 0x53, 0x27, 0x5a, 0x9f, 0x7f, 0x03, 0x00, 0x68, 0x25, 0x57, 0x01, 0x00, 0xe8,
    0x28, 0x57, 0xae, 0xe8, 0x1d, 0xd2, 0xff, 0xff, 0xde, 0x08, 0xf8, 0x00, 0x7d, 0x08, 0x80, 0x7f,
    0x0d, 0x01, 0x0f, 0x84, 0xb7, 0x02, 0x00, 0x00, 0x8b, 0x47, 0x04, 0xac, 0x01, 0x08, 0xa2, 0x0b,
    0xa0, 0x5f, 0x14, 0x81, 0xfb, 0x98, 0x1e, 0xa8, 0x0f, 0x9c, 0xc1, 0xf7, 0xc3, 0x92, 0x19, 0xc0,
    0x0f, 0x95, 0xc2, 0x08, 0xca, 0x0f, 0x85, 0x85, 0x5a, 0x18, 0x78, 0x0e, 0x45, 0xe0, 0x8b, 0x45,
    0x1c, 0x8b, 0x57, 0x38, 0x8b, 0x4f, 0x3c, 0x89, 0xd6, 0x21, 0xce, 0x83, 0xfe, 0xff, 0x74, 0x45,
    0xf7, 0xc1, 0x00, 0x00, 0x80, 0xff, 0x0f, 0x85, 0x64, 0x35, 0xd8, 0xa4, 0xd1, 0x09, 0xc1, 0xe2,
    0x09, 0x8b, 0x45, 0x10, 0x39, 0xd0, 0x1a, 0x09, 0xf8, 0x0e, 0xc6, 0x19, 0xce, 0x89, 0x5d, 0xe8,
    0x0f, 0x92, 0xc3, 0x2b, 0x55, 0x10, 0x19, 0xc1, 0x8b, 0x75, 0x18, 0x8b, 0x45, 0x1c, 0x39, 0xf2,
    0x19, 0xc1, 0x0f, 0x93, 0xc1, 0x20, 0xd9, 0x63, 0x17, 0x28, 0xf9, 0x01, 0x0f, 0x85, 0x2b, 0x5a,
    0x58, 0xc2, 0xb0, 0x01, 0x8b, 0x4d, 0x18, 0x09, 0xd1, 0x0f, 0x84, 0x1e, 0x7d, 0x98, 0xaf, 0x5d,
    0xe0, 0x16, 0x0b, 0x80, 0xcb, 0x18, 0xf9, 0x0a, 0x4d, 0xe0, 0x03, 0x4d, 0x10, 0x89, 0x45, 0xcc,
    0x13, 0x45, 0x14, 0x6a, 0x00, 0x53, 0x89, 0x45, 0xc8, 0x50, 0x89, 0x4d, 0xc4, 0x51, 0xe8, 0xd9,
    0xd4, 0xc2, 0x21, 0xf9, 0x09, 0x83, 0x7f, 0x20, 0x01, 0x75, 0x15, 0x8b, 0x77, 0x28, 0x31, 0xc6,
    0x8b, 0x4f, 0x2c, 0x31, 0xd1, 0x09, 0xf1, 0x8b, 0x4d, 0x18, 0x0f, 0x84, 0x67, 0x73, 0x18, 0xb1,
    0xd4, 0x89, 0x55, 0xd0, 0xc7, 0x47, 0x44, 0x1b, 0xf9, 0x0a, 0x8b, 0x77, 0x14, 0x8b, 0x47, 0x24,
    0x85, 0xc0, 0x74, 0x05, 0x89, 0x45, 0xdc, 0xeb, 0x38, 0x8b, 0x4f, 0x04, 0x89, 0xf0, 0xc1, 0xf8,
    0x1f, 0xf7, 0xe1, 0x6e, 0x04, 0x68, 0xe4, 0x89, 0xc8, 0xf7, 0xe6, 0x01, 0xda, 0x0f, 0x92, 0xc1,
    0x0a, 0x4d, 0xe4, 0x95, 0xd3, 0x84, 0xac, 0x01, 0x00, 0x00, 0x52, 0x50, 0xe8, 0xdc, 0x1d, 0x73,
    0x1a, 0x21, 0xdc, 0x89, 0x47, 0x24, 0x44, 0x88, 0x30, 0xd8, 0x09, 0xa1, 0x7f, 0x34, 0x8d, 0x9e,
    0x8b, 0x25, 0xc0, 0xf6, 0x0f, 0x49, 0xde, 0x89, 0xde, 0xc1, 0xfe, 0x8b, 0x25, 0x32, 0x53, 0x56,
    0x57, 0x50, 0xe8, 0x42, 0x97, 0x40, 0x89, 0xd1, 0x0f, 0xaf, 0xd8, 0x89, 0x45, 0xd8, 0x56, 0xb0,
    0x89, 0x4d, 0xe4, 0x0f, 0xaf, 0xce, 0x43, 0x22, 0xda, 0xec, 0x29, 0xc2, 0x19, 0xcf, 0x09, 0xd7,
    0x0f, 0x85, 0x38, 0x01, 0x54, 0x29, 0xe8, 0x78, 0x04, 0x8b, 0x45, 0xd0, 0xf7, 0xe7, 0x89, 0xc1,
    0x0f, 0x90, 0x45, 0xf3, 0x10, 0x0d, 0xf9, 0x10, 0x7d, 0xec, 0xf7, 0xe7, 0x89, 0xc3, 0x89, 0xd7,
    0x01, 0xcf, 0x0f, 0x92, 0xc0, 0x0a, 0x45, 0xf3, 0x0f, 0x85, 0x0d, 0x01, 0x00, 0x00, 0x03, 0x5d,
    0xd8, 0x13, 0x7d, 0xe4, 0x0f, 0x82, 0x01, 0x78, 0x1b, 0xd8, 0x08, 0x8b, 0x41, 0x38, 0x8b, 0x49,
    0x3c, 0x89, 0xc2, 0x21, 0xca, 0x4c, 0x05, 0x6b, 0x49, 0x89, 0xf2, 0xc1, 0xfa, 0x1f, 0x52, 0x56,
    0x51, 0x50, 0xe8, 0xc5, 0xd3, 0x7d, 0xd2, 0x8b, 0x55, 0xd8, 0x01, 0xc2, 0x8b, 0x75, 0xe4, 0x11,
    0xce, 0x76, 0x05, 0xf8, 0x04, 0x42, 0xf0, 0x0f, 0x42, 0xd0, 0x89, 0xd0, 0x29, 0xd8, 0x89, 0xf1,
    0x19, 0xf9, 0x3b, 0x45, 0xec, 0x83, 0xd9, 0x00, 0x97, 0x2a, 0xd0, 0x42, 0xc8, 0x39, 0xd3, 0x89,
    0xf8, 0x19, 0xf0, 0x72, 0x08, 0x14, 0x2b, 0x00, 0x13, 0xe8, 0x51, 0x57, 0x53, 0xff, 0x75, 0xdc,
    0x8b, 0x75, 0x08, 0x56, 0xe8, 0x88, 0xd5, 0xd8, 0x29, 0x80, 0xa4, 0x26, 0xb8, 0x85, 0x89, 0x00,
    0x00, 0x00, 0xc7, 0x46, 0xef, 0x0a, 0x88, 0x00, 0xb5, 0x0d, 0xc1, 0x46, 0x28, 0x8b, 0x55, 0xd0,
    0x89, 0x56, 0x2c, 0xf5, 0x17, 0xe0, 0x18, 0x2b, 0x4d, 0xe0, 0x8b, 0x75, 0x1c, 0x1b, 0x75, 0xcc,
    0x89, 0xd7, 0x4e, 0x15, 0xb0, 0xfb, 0x01, 0xd7, 0x8b, 0x55, 0xc4, 0x2c, 0x23, 0xc1, 0xc8, 0x19,
    0xf8, 0x8b, 0x5d, 0xe8, 0x29, 0xd3, 0x77, 0x2c, 0xf8, 0x01, 0x19, 0xc7, 0x39, 0xd9, 0x89, 0xf0,
    0x19, 0xf8, 0x0f, 0x42, 0xfe, 0x0f, 0x42, 0xd9, 0x8b, 0x45, 0x55, 0x0a, 0xc0, 0x01, 0xf0, 0x8b,
    0x4d, 0x08, 0x03, 0x51, 0x24, 0x3e, 0x23, 0xa0, 0x91, 0xf8, 0xff, 0xff, 0x58, 0x0f, 0x18, 0x0c,
    0x01, 0xd9, 0x57, 0xfa, 0x08, 0x55, 0xcc, 0x11, 0xfa, 0x8b, 0x7d, 0x08, 0x3b, 0x4d, 0x18, 0x89,
    0xd0, 0x1b, 0x45, 0x1c, 0x89, 0xd0, 0x0f, 0x82, 0xf3, 0xfd, 0xff, 0xff, 0x0b, 0x05, 0x85, 0x48,
    0x0a, 0x91, 0x9a, 0x50, 0x3e, 0x2a, 0xb0, 0x2e, 0xfc, 0xff, 0xff, 0x68, 0x93, 0xb7, 0x21, 0x8c,
    0xf2, 0x1c, 0x08, 0xb8, 0x5c, 0x8d, 0x7d, 0x98, 0x6a, 0x5c, 0x6a, 0x51, 0x22, 0x82, 0x90, 0x29,
    0xd0, 0x31, 0xc9, 0xb3, 0x01, 0x31, 0xf6, 0x46, 0x8b, 0x04, 0x8d, 0xfb, 0x20, 0xe0, 0x89, 0xc1,
    0xc1, 0xf9, 0x1f, 0x6a, 0x00, 0x6a, 0x5c, 0x51, 0x50, 0x57, 0xee, 0x12, 0x88, 0xe5, 0x25, 0x05,
    0x81, 0xd8, 0x16, 0xb0, 0x14, 0x6a, 0x08, 0x68, 0xfa, 0x52, 0x78, 0x22, 0x94, 0xd2, 0xf6, 0xd9,
    0x04, 0xb1, 0x10, 0x31, 0xc0, 0xf6, 0xc3, 0x01, 0xf3, 0x2c, 0xc8, 0x89, 0xf1, 0x75, 0xbc, 0xeb,
    0x29, 0x81, 0x7d, 0xa0, 0xde, 0x0e, 0xa8, 0x75, 0x1e, 0x8b, 0x45, 0xdc, 0x80, 0x2d, 0x90, 0x42,
    0x0c, 0xa1, 0x28, 0x93, 0x42, 0x08, 0xa1, 0x28, 0xa4, 0x4a, 0x04, 0x89, 0x02, 0xb5, 0x05, 0x8f,
    0x5c, 0xc5, 0x2c, 0x02, 0xd1, 0x44, 0x8b, 0x75, 0x08, 0x8d, 0x7d, 0xf2, 0x66, 0xc7, 0x07, 0xab,
    0x12, 0xa0, 0x6a, 0x01, 0x53, 0x68, 0x40, 0x10, 0x24, 0x57, 0x56, 0xe8, 0x63, 0x82, 0xa0, 0x0f,
    0x84, 0x79, 0x01, 0x08, 0x1a, 0x61, 0x0f, 0xb6, 0x45, 0xf2, 0xa8, 0x7f, 0x0f, 0x85, 0x6b, 0x01,
    0x00, 0x00, 0x29, 0x0a, 0xce, 0x29, 0x0e, 0x3a, 0x29, 0x0f, 0x50, 0x29, 0x02, 0x0c, 0x42, 0x29,
    0x0a, 0xde, 0x29, 0x0e, 0x11, 0x29, 0x0f, 0x27, 0x29, 0x02, 0x0c, 0x19, 0x52, 0x0a, 0xee, 0x29,
    0x15, 0xe8, 0xfb, 0x29, 0x17, 0xfe, 0x00, 0x29, 0x01, 0x89, 0xf0, 0x7e, 0x32, 0x5e, 0xb2, 0x53,
    0x6a, 0x04, 0x53, 0x6a, 0x03, 0x50, 0x56, 0xe8, 0xbf, 0x29, 0x8a, 0xd5, 0x1b, 0x06, 0x18, 0x24,
    0x56, 0x01, 0x22, 0x9a, 0x50, 0xe8, 0x55, 0x00, 0x29, 0x90, 0x31, 0xdb, 0xf4, 0x05, 0x10, 0xb8,
    0x00, 0xb3, 0x20, 0x03, 0x53, 0x6a, 0x36, 0x1c, 0x1e, 0x56, 0xe8, 0x87, 0x38, 0x8a, 0x9d, 0x6b,
    0x06, 0x0c, 0x1b, 0x38, 0x0f, 0x1d, 0x38, 0x01, 0x0c, 0x80, 0x38, 0x0a, 0x52, 0x38, 0x0c, 0x4f,
    0x38, 0x17, 0x74, 0x69, 0x34, 0x01, 0x15, 0xe9, 0xf6, 0x34, 0x90, 0x74, 0x50, 0x6d, 0x14, 0x12,
    0x6a, 0x03, 0x30, 0x0d, 0x1f, 0x30, 0x89, 0x39, 0x08, 0x23, 0x03, 0x64, 0x0e, 0xb9, 0x30, 0xc9,
    0x74, 0x20, 0x53, 0x6a, 0x02, 0x53, 0x68, 0x38, 0x04, 0x22, 0x01, 0x94, 0xef, 0xfa, 0xf6, 0x01,
    0xfe, 0x00, 0x09, 0x66, 0x81, 0x7d, 0xf2, 0x53, 0xef, 0x0f, 0x95, 0xc3, 0x89, 0xd8, 0x83, 0xc4,
    0x44, 0x89, 0x15, 0x80, 0xd6, 0x16, 0xb1, 0x31, 0xf6, 0x57, 0xe8, 0x3b, 0xfe, 0xa9, 0x07, 0xa0,
    0x84, 0xc0, 0x74, 0x1f, 0x78, 0x21, 0xc8, 0xf4, 0x56, 0x6a, 0x04, 0x56, 0x68, 0xb8, 0x01, 0x00,
    0x26, 0x1e, 0x0d, 0xa8, 0x47, 0xb1, 0x03, 0x8b, 0x75, 0xf4, 0x89, 0xf0, 0xaa, 0x07, 0x86, 0xfa,
    0x23, 0x88, 0x14, 0x89, 0x19, 0xb8, 0x7d, 0x10, 0x00, 0x0f, 0x88, 0xce, 0x04, 0xdb, 0x23, 0xa0,
    0xe0, 0xfe, 0xff, 0xff, 0x9b, 0x02, 0x9a, 0x50, 0xe8, 0xc0, 0x72, 0x28, 0x92, 0x31, 0xc0, 0x9b,
    0x02, 0x90, 0x3c, 0x85, 0x9b, 0x02, 0x80, 0x57, 0x09, 0x81, 0x9b, 0x02, 0x12, 0x50, 0x57, 0x2c,
    0x81, 0x8f, 0x15, 0x0d, 0x44, 0x64, 0x8b, 0x1a, 0xa1, 0x02, 0x03, 0x1d, 0x9c, 0xe8, 0x2b, 0xf4,
    0xa7, 0x02, 0x8d, 0x0e, 0xa5, 0x02, 0xc0, 0xf0, 0x75, 0xb2, 0xeb, 0x6b, 0x81, 0xbd, 0xe8, 0x38,
    0x2c, 0x80, 0xa8, 0x02, 0x99, 0x5f, 0xbb, 0xfd, 0xfa, 0x08, 0xa0, 0x10, 0x3b, 0x85, 0x30, 0x31,
    0x29, 0x91, 0x83, 0x47, 0xd8, 0x14, 0xa8, 0x34, 0xff, 0xff, 0xff, 0x3d, 0x75, 0x01, 0xc8, 0x72,
    0x3e, 0x89, 0xf9, 0xf7, 0xd9, 0x0f, 0x48, 0xcf, 0xab, 0x29, 0xa9, 0xc8, 0xf7, 0xa5, 0x2c, 0xff,
    0x85, 0x23, 0x18, 0x0f, 0x90, 0xc3, 0x0e, 0x81, 0x6a, 0x29, 0xf8, 0x0f, 0xc1, 0x89, 0xd6, 0x03,
    0x75, 0xec, 0x0f, 0x92, 0xc0, 0x08, 0xd8, 0x8b, 0x45, 0xf0, 0x75, 0x0d, 0xf7, 0x65, 0x10, 0x01,
    0xc1, 0x11, 0xd6, 0x0f, 0x83, 0xa6, 0x02, 0x00, 0x00, 0xbb, 0x65, 0x1d, 0xb2, 0x8b, 0x75, 0x0c,
    0x56, 0xe8, 0x13, 0xd1, 0x08, 0x80, 0x6b, 0x15, 0x91, 0xe3, 0x03, 0x2a, 0x0a, 0x80, 0xe2, 0x10,
    0xb9, 0x6e, 0x31, 0xdb, 0x43, 0xbf, 0xbe, 0x01, 0x2f, 0x1f, 0xe4, 0x6a, 0x10, 0x50, 0x57, 0x8d,
    0x45, 0xd4, 0x50, 0x56, 0xe8, 0x70, 0xf9, 0x38, 0x01, 0xf8, 0x10, 0x38, 0x0f, 0xb6, 0x45, 0xd8,
    0x83, 0xf8, 0x0f, 0x74, 0x05, 0x83, 0xf8, 0x05, 0x75, 0x2a, 0x8b, 0x55, 0xe0, 0x85, 0xd2, 0x74,
    0x23, 0x8b, 0x75, 0xdc, 0x31, 0xc0, 0x89, 0xf1, 0x01, 0xd1, 0x34, 0x18, 0xd8, 0x55, 0xf0, 0x8b,
    0x55, 0x0c, 0x39, 0x4a, 0x38, 0x8b, 0x4a, 0x3c, 0x6d, 0x29, 0x79, 0x04, 0xc1, 0x0f, 0x83, 0x12,
    0x01, 0x00, 0x00, 0x43, 0x83, 0xc7, 0x10, 0x83, 0xfb, 0x05, 0x8b, 0x75, 0x0c, 0x75, 0xa4, 0xe4,
    0x90, 0xe9, 0x6d, 0x9a, 0x15, 0x29, 0xf8, 0xc1, 0xe0, 0x04, 0x05, 0x70, 0x21, 0xc9, 0x8d, 0x55,
    0xd4, 0xfd, 0xd5, 0x51, 0x6a, 0x10, 0x51, 0x50, 0x52, 0x56, 0xe8, 0xfb, 0xf8, 0x16, 0x03, 0x88,
    0x42, 0xc0, 0x1f, 0xc8, 0xdb, 0x4b, 0x80, 0x7d, 0xd8, 0x00, 0x0f, 0x84, 0x35, 0x2c, 0x20, 0x82,
    0xc7, 0x24, 0x08, 0x2a, 0x0b, 0xf8, 0x08, 0x75, 0xdc, 0x31, 0xd2, 0x89, 0x75, 0xf0, 0x01, 0xc6,
    0x0f, 0x92, 0xc2, 0x8b, 0x4d, 0x0c, 0x39, 0x71, 0x38, 0x8b, 0x71, 0x3c, 0x19, 0xd6, 0x5d, 0x31,
    0x10, 0x82, 0x09, 0x2c, 0xf8, 0x17, 0x16, 0x89, 0xf1, 0x8b, 0x75, 0x08, 0x89, 0x16, 0x8b, 0x51,
    0x04, 0x89, 0x56, 0x04, 0x8b, 0x51, 0x08, 0x89, 0x56, 0x08, 0x8a, 0x51, 0x0c, 0x88, 0x56, 0x0c,
    0x47, 0x89, 0x7e, 0x10, 0x8b, 0x51, 0x14, 0x89, 0xcf, 0x89, 0x56, 0x14, 0x83, 0x1c, 0xf8, 0x04,
    0x4e, 0x30, 0x31, 0xdb, 0x89, 0x5e, 0x34, 0x89, 0x46, 0x38, 0x89, 0x5e, 0x3c, 0x89, 0x7e, 0x18,
    0x8d, 0x85, 0x3c, 0x74, 0x2a, 0xb2, 0x50, 0xe8, 0x68, 0xe7, 0xff, 0xff, 0xe9, 0x29, 0x91, 0x26,
    0x8b, 0x21, 0x2e, 0x31, 0x89, 0x46, 0x50, 0x8b, 0x85, 0x44, 0x09, 0x11, 0x4c, 0x8b, 0x26, 0x98,
    0x8b, 0x8d, 0x40, 0x8c, 0x01, 0x69, 0x4e, 0x48, 0x89, 0x46, 0x44, 0xb3, 0x01, 0x88, 0x5e, 0x40,
    0x56, 0xe8, 0x29, 0x36, 0x8a, 0x04, 0x33, 0x03, 0x88, 0x8b, 0x96, 0x07, 0x91, 0x86, 0x80, 0xb1,
    0x24, 0x98, 0xe9, 0x80, 0x02, 0xde, 0x13, 0x90, 0xb9, 0x1e, 0xb7, 0x03, 0x88, 0xbd, 0x71, 0x2e,
    0x90, 0xf3, 0xab, 0x6b, 0x0e, 0x0a, 0x01, 0x0d, 0xf8, 0x0b, 0x89, 0x47, 0xf4, 0x8b, 0x41, 0x04,
    0x89, 0x47, 0xf8, 0x8b, 0x41, 0x08, 0x89, 0x47, 0xfc, 0x8a, 0x41, 0x0c, 0x88, 0x07, 0x89, 0x5f,
    0x04, 0x8b, 0x41, 0x14, 0x2d, 0x24, 0xf9, 0x09, 0x77, 0x24, 0x89, 0xd0, 0x31, 0xd2, 0x89, 0x57,
    0x28, 0x89, 0x47, 0x2c, 0x89, 0x57, 0x30, 0x89, 0x4f, 0x0c, 0x8b, 0x45, 0x10, 0x83, 0xc0, 0xfc,
    0x21, 0x17, 0xa9, 0x76, 0x0c, 0xc7, 0x45, 0xec, 0x5f, 0x01, 0x23, 0x2b, 0x04, 0x00, 0x00, 0x0c,
    0x80, 0x2b, 0x01, 0x08, 0x19, 0x72, 0xa8, 0xf6, 0x31, 0xd2, 0x31, 0xff, 0xe5, 0x2b, 0xf0, 0xd3,
    0x89, 0xd0, 0x0f, 0xa4, 0xf0, 0x09, 0x89, 0xf1, 0xc1, 0xe1, 0x09, 0x81, 0xc9, 0xb0, 0x04, 0x80,
    0xa7, 0x17, 0x93, 0x50, 0x51, 0xab, 0x02, 0x02, 0xf8, 0xa5, 0x50, 0xe8, 0x78, 0xf7, 0x99, 0x04,
    0x91, 0xdc, 0x03, 0x8f, 0x17, 0x88, 0xe4, 0xdd, 0x22, 0xd0, 0xf8, 0x0f, 0x74, 0x09, 0x83, 0xf8,
    0x05, 0x0f, 0x85, 0xc7, 0x5f, 0x01, 0x88, 0x95, 0xbd, 0x02, 0xf8, 0x03, 0x85, 0xd2, 0x0f, 0x84,
    0xb9, 0x03, 0x00, 0x00, 0x85, 0xff, 0x0f, 0x94, 0xc0, 0x39, 0xd6, 0x83, 0xdb, 0x00, 0xff, 0x0b,
    0x89, 0xc1, 0x36, 0x08, 0xd1, 0xa1, 0x03, 0x00, 0x00, 0x3b, 0x95, 0x74, 0xff, 0xff, 0xff, 0x1a,
    0x11, 0x89, 0x1b, 0xd3, 0x2b, 0x98, 0x0f, 0x83, 0x8a, 0x9a, 0x17, 0xf8, 0x03, 0xd1, 0x31, 0xd2,
    0x47, 0x8b, 0x45, 0xf0, 0x39, 0xf8, 0x89, 0xce, 0x0f, 0x84, 0x77, 0x01, 0x00, 0x00, 0xe9, 0x55,
    0x2f, 0x91, 0xba, 0x80, 0xde, 0x04, 0x02, 0x87, 0xc9, 0x52, 0x53, 0x50, 0x89, 0x4d, 0xf0, 0xe8,
    0x3d, 0xf2, 0x6a, 0x0b, 0x10, 0x53, 0xb8, 0x1c, 0x89, 0x50, 0x2a, 0x02, 0x80, 0xd0, 0x21, 0x00,
    0xab, 0x83, 0x7a, 0x03, 0x95, 0xca, 0xf6, 0x47, 0x05, 0x80, 0xc8, 0x20, 0x78, 0x07, 0x8d, 0x45,
    0xc0, 0x31, 0xc9, 0x89, 0x48, 0x0c, 0x89, 0x48, 0x08, 0x89, 0x48, 0x04, 0x89, 0x08, 0x8d, 0x8d,
    0x4c, 0xff, 0xff, 0xff, 0xe6, 0x12, 0xe8, 0x51, 0x4c, 0x98, 0x31, 0xdb, 0x4b, 0x1b, 0x01, 0x10,
    0xe4, 0x00, 0xc6, 0x89, 0x68, 0xc4, 0x01, 0x80, 0x27, 0x2e, 0x98, 0x8b, 0x85, 0x5c, 0x7e, 0x0c,
    0x92, 0xb5, 0x60, 0x5c, 0x03, 0xe1, 0x39, 0xc1, 0x89, 0xd0, 0x89, 0x75, 0xf0, 0x19, 0xf0, 0x0f,
    0x82, 0xba, 0xa0, 0x1c, 0x41, 0xd0, 0x89, 0x4d, 0xe8, 0x8d, 0x8f, 0xff, 0x01, 0xee, 0xd1, 0x49,
    0xcf, 0x89, 0xcf, 0xc1, 0xff, 0x09, 0xc1, 0xf9, 0x1f, 0x1d, 0x0d, 0x88, 0xf0, 0xf9, 0x2f, 0xa8,
    0xc3, 0x20, 0xd3, 0xf7, 0xe7, 0x2d, 0x27, 0x79, 0x09, 0x90, 0xc7, 0x89, 0xc8, 0x8b, 0x75, 0xec,
    0xf7, 0xe6, 0x0f, 0x90, 0xc1, 0x08, 0xf9, 0x08, 0xd9, 0x8b, 0x55, 0xe4, 0x8d, 0x1c, 0x02, 0x89,
    0xf0, 0x1e, 0x80, 0xc5, 0x08, 0xf8, 0x05, 0xc0, 0x08, 0xc8, 0x75, 0x65, 0x8b, 0x4d, 0xe8, 0x29,
    0xf1, 0x8b, 0x5d, 0xd0, 0x1b, 0x5d, 0xf0, 0x89, 0xc8, 0x21, 0xd8, 0xe6, 0x2b, 0xf9, 0x13, 0x51,
    0x89, 0x55, 0xe8, 0x89, 0xce, 0x89, 0xf9, 0xc1, 0xf9, 0x1f, 0x83, 0xc6, 0x01, 0x83, 0xd3, 0x00,
    0x0f, 0x95, 0xc0, 0x85, 0xc9, 0x0f, 0x95, 0xc2, 0x20, 0xc2, 0x88, 0x55, 0xf0, 0x89, 0xd8, 0xf7,
    0xe7, 0x0d, 0x09, 0x88, 0xec, 0x0d, 0x09, 0xd1, 0x8d, 0x0c, 0x03, 0x0f, 0x90, 0xc7, 0x0a, 0x7d,
    0xec, 0x0a, 0x07, 0x2b, 0x98, 0xe7, 0x01, 0xca, 0x7b, 0x01, 0xe9, 0xf9, 0x89, 0xc6, 0x09, 0xd6,
    0x0f, 0x94, 0xc5, 0x08, 0xcd, 0x0f, 0x84, 0x58, 0x55, 0x06, 0x88, 0x4b, 0x94, 0x16, 0x8c, 0x14,
    0xa2, 0x2b, 0xf8, 0x02, 0x31, 0xc0, 0x88, 0x46, 0x7c, 0x88, 0x5e, 0x54, 0x88, 0x5e, 0x68, 0xeb,
    0xe6, 0x31, 0xc9, 0x89, 0xd6, 0x12, 0x02, 0xa1, 0xc8, 0x09, 0x89, 0xcf, 0x12, 0x02, 0x80, 0x2b,
    0x17, 0x90, 0x8d, 0x95, 0x05, 0x02, 0x87, 0x18, 0x02, 0x02, 0xa5, 0x52, 0xe8, 0x66, 0xf5, 0x64,
    0x01, 0x93, 0xca, 0x01, 0x15, 0x23, 0x98, 0xec, 0x80, 0xbd, 0x17, 0x02, 0xa0, 0x00, 0x0f, 0x84,
    0xb7, 0x2d, 0x09, 0x9a, 0x85, 0xec, 0xfe, 0x73, 0x02, 0x88, 0xa9, 0x10, 0x09, 0x81, 0xdb, 0x04,
    0xf0, 0x83, 0xd6, 0x00, 0x89, 0xf9, 0x01, 0xc1, 0x89, 0xf2, 0x83, 0xd2, 0x00, 0x39, 0x8d, 0x0a,
    0x02, 0x89, 0x8b, 0x9f, 0x26, 0x29, 0x19, 0xd1, 0x0f, 0x82, 0x83, 0x26, 0x80, 0x8d, 0x2f, 0x98,
    0x13, 0xb5, 0x70, 0x24, 0x2e, 0x90, 0x82, 0x71, 0x85, 0x22, 0xd0, 0xfa, 0x01, 0xc2, 0x89, 0xf3,
    0x83, 0xd6, 0x00, 0x0f, 0x82, 0xfe, 0x38, 0xb0, 0x89, 0x7d, 0xf0, 0x8b, 0x8d, 0x54, 0x14, 0x0e,
    0xd0, 0x79, 0x3c, 0x39, 0x51, 0x38, 0x19, 0xf7, 0x0f, 0x82, 0x4b, 0x99, 0x09, 0x01, 0xa3, 0x82,
    0xdd, 0x03, 0x88, 0x95, 0x7f, 0x03, 0x80, 0xe0, 0x03, 0x11, 0x95, 0x44, 0x09, 0x98, 0x08, 0x8a,
    0x95, 0xca, 0x31, 0x69, 0x88, 0x56, 0x0c, 0x8b, 0x55, 0x10, 0x42, 0x89, 0x56, 0x10, 0x8b, 0x95,
    0x50, 0x22, 0xf9, 0x01, 0x14, 0x89, 0x5e, 0x34, 0x8b, 0x55, 0xf0, 0x89, 0x56, 0x30, 0x89, 0x46,
    0x38, 0xc7, 0x46, 0x3c, 0xb8, 0x25, 0xd3, 0x4e, 0x18, 0x8d, 0x45, 0xc0, 0x56, 0x50, 0xe8, 0x7f,
    0xe3, 0xe9, 0x03, 0x99, 0x0f, 0x84, 0xba, 0x44, 0x09, 0x89, 0xcc, 0x36, 0x08, 0x88, 0x50, 0x28,
    0x13, 0xf9, 0x03, 0x42, 0x4c, 0x8b, 0x45, 0xc0, 0x8b, 0x4d, 0xc4, 0x89, 0x4a, 0x48, 0x89, 0x42,
    0x44, 0xb0, 0x01, 0xe9, 0x9a, 0x90, 0x2f, 0x51, 0xe4, 0x01, 0xc1, 0x8b, 0x75, 0xe8, 0x11, 0xd6,
    0xbb, 0xff, 0xbe, 0x88, 0x96, 0x71, 0x32, 0x28, 0x7d, 0x0c, 0x8b, 0x7f, 0x3c, 0xb5, 0xd8, 0x7d,
    0x0c, 0x39, 0x4f, 0x38, 0x19, 0x75, 0xf0, 0x0f, 0x82, 0x7e, 0x89, 0x32, 0x88, 0x0f, 0x89, 0x04,
    0x88, 0x0e, 0xd3, 0x0a, 0xf8, 0x0c, 0x4e, 0x04, 0x8b, 0x4f, 0x08, 0x89, 0x4e, 0x08, 0x8a, 0x4f,
    0x0c, 0x88, 0x4e, 0x0c, 0x8b, 0x4d, 0x10, 0x41, 0x89, 0x4e, 0x10, 0x8b, 0x4f, 0x14, 0x89, 0x4e,
    0x14, 0x77, 0x17, 0xd8, 0x4e, 0x34, 0x8b, 0x4d, 0xe4, 0x89, 0x4e, 0x30, 0x89, 0x56, 0x3c, 0x8e,
    0x04, 0xd4, 0x7e, 0x18, 0x8d, 0x45, 0xd4, 0x56, 0x50, 0xe8, 0xe0, 0xe2, 0x88, 0x04, 0x88, 0x57,
    0xc2, 0x21, 0x03, 0x9b, 0x09, 0xdc, 0x9b, 0x24, 0xd4, 0x8b, 0x4d, 0xd8, 0x9b, 0x90, 0xeb, 0x3a,
    0xe0, 0x01, 0x21, 0x40, 0x56, 0xe8, 0xa6, 0x31, 0x88, 0x04, 0xce, 0x1c, 0x84, 0x7d, 0x04, 0x91,
    0xeb, 0x02, 0xfc, 0x01, 0x00, 0x21, 0xa0, 0x54, 0xc7, 0x45, 0xec, 0x45, 0x1f, 0xc0, 0x88, 0x46,
    0x68, 0x8b, 0x5d, 0xec, 0xe9, 0xdb, 0x68, 0x28, 0x55, 0xc0, 0x8b, 0x4d, 0x08, 0x88, 0x41, 0x40,
    0x51, 0xe8, 0x6b, 0x3b, 0x88, 0x0d, 0xe3, 0x21, 0x0f, 0x81, 0x3e, 0x02, 0xb8, 0xb0, 0x01, 0x88,
    0x46, 0x54, 0x8d, 0xbd, 0x52, 0x03, 0x82, 0x24, 0x22, 0x29, 0x4e, 0x58, 0x89, 0x56, 0x5c, 0xd3,
    0x38, 0x60, 0x8b, 0x4f, 0x0c, 0x89, 0x4e, 0x64, 0x54, 0x87, 0x19, 0x05, 0x01, 0xac, 0x46, 0x6c,
    0x89, 0x4e, 0x70, 0x34, 0x05, 0x8c, 0x74, 0x46, 0x05, 0xa8, 0x78, 0x31, 0xdb, 0xe9, 0x64, 0x5b,
    0x0f, 0x88, 0x3d, 0x0a, 0x2f, 0x99, 0x00, 0x74, 0x61, 0x5f, 0x14, 0x81, 0xcb, 0x07, 0x91, 0x8b,
    0x0d, 0x2c, 0x2f, 0xfb, 0x03, 0x04, 0xb1, 0x80, 0x78, 0x40, 0x01, 0x75, 0x1c, 0x83, 0xc0, 0x44,
    0x6a, 0x10, 0x57, 0x50, 0xe8, 0x95, 0xee, 0xb2, 0x0e, 0x05, 0x20, 0x59, 0x74, 0x32, 0x80, 0x78,
    0x54, 0x01, 0x75, 0x19, 0x83, 0xc0, 0x58, 0x22, 0x0f, 0x73, 0x22, 0x03, 0x28, 0x74, 0x10, 0x46,
    0x3b, 0x35, 0x5e, 0xe0, 0x72, 0xb3, 0x31, 0xc0, 0xeb, 0x06, 0x31, 0xc0, 0xc3, 0x8b, 0x04, 0xb1,
    0xf7, 0x07, 0x81, 0x4a, 0x2f, 0x80, 0x50, 0x1b, 0x07, 0x74, 0x06, 0xd8, 0x14, 0xb1, 0x80, 0x7a,
    0x7c, 0x01, 0x75, 0x1e, 0x57, 0xff, 0xb2, 0x8a, 0x04, 0x99, 0xe8, 0xb9, 0xeb, 0x14, 0x1e, 0x05,
    0x52, 0x09, 0x11, 0x3b, 0x2f, 0x46, 0x39, 0xc6, 0x72, 0xd4, 0x53, 0x03, 0x82, 0xda, 0x2f, 0xa3,
    0x85, 0xc9, 0x74, 0x33, 0xcf, 0x1d, 0x92, 0x55, 0x10, 0x85, 0x0e, 0x11, 0x8b, 0x3d, 0xad, 0xfb,
    0x07, 0x07, 0x39, 0x70, 0x08, 0x75, 0x0a, 0x38, 0x58, 0x0c, 0x75, 0x05, 0x39, 0x50, 0x10, 0x74,
    0x08, 0x83, 0xc7, 0x04, 0x49, 0x75, 0xe9, 0xf1, 0x13, 0x00, 0x47, 0x04, 0x40, 0x89, 0x1e, 0xb6,
    0x14, 0x21, 0x55, 0x08, 0x8b, 0x35, 0xe5, 0x10, 0x06, 0x39, 0x2d, 0xa9, 0xc6, 0x04, 0x49, 0x75,
    0xf4, 0x9e, 0x14, 0x90, 0x31, 0xc0, 0x71, 0x13, 0x88, 0x50, 0x48, 0x15, 0xc9, 0x4d, 0x0c, 0x89,
    0x4d, 0xfc, 0x51, 0x50, 0xe8, 0x05, 0xc8, 0x1e, 0x8e, 0x0c, 0x17, 0x17, 0x88, 0x30, 0x34, 0x14,
    0xba, 0x7d, 0x08, 0x8d, 0x75, 0xf0, 0xc7, 0x06, 0xb1, 0x24, 0xb8, 0x83, 0xc7, 0x02, 0x0f, 0xb6,
    0x47, 0xfe, 0x0f, 0x06, 0x90, 0xd7, 0x03, 0xbe, 0x2e, 0xd0, 0x25, 0x74, 0x3a, 0x3c, 0x0a, 0x75,
    0x1a, 0x81, 0xfb, 0xfe, 0x82, 0x2b, 0x62, 0x0b, 0xc6, 0x83, 0xc0, 0xc3, 0x05, 0x00, 0x0d, 0x43,
    0x89, 0x5d, 0xf0, 0x0b, 0x0b, 0x00, 0x1a, 0x11, 0x0a, 0x88, 0x0f, 0x06, 0x19, 0xf8, 0x09, 0x00,
    0x47, 0xeb, 0xb5, 0x0f, 0xb6, 0x47, 0xff, 0x83, 0xf8, 0x62, 0x7f, 0x38, 0x83, 0xf8, 0x52, 0x7e,
    0x57, 0x83, 0xf8, 0x53, 0x0f, 0x84, 0x37, 0x41, 0x09, 0x29, 0xf8, 0x55, 0x0f, 0x84, 0x0f, 0x09,
    0xa0, 0x58, 0x0f, 0x85, 0x7d, 0x51, 0x26, 0xf8, 0x04, 0xf3, 0x8d, 0x72, 0x08, 0x89, 0xd0, 0x8b,
    0x12, 0x89, 0xd9, 0xff, 0x70, 0x04, 0xe8, 0xdf, 0x05, 0x00, 0x00, 0xe9, 0x20, 0x0d, 0xe0, 0x8d,
    0x48, 0x90, 0x83, 0xf9, 0x08, 0x77, 0x42, 0xff, 0x24, 0x8d, 0x38, 0xea, 0x0b, 0x90, 0xd3, 0x8b,
    0x46, 0x23, 0x30, 0x89, 0xf1, 0x6a, 0x00, 0xe8, 0xbb, 0x24, 0x09, 0xbc, 0x4e, 0x4f, 0x23, 0x74,
    0x4c, 0x83, 0xf8, 0x44, 0x0f, 0x85, 0x33, 0x4a, 0x07, 0xb1, 0x45, 0x04, 0x00, 0x00, 0xe9, 0xb7,
    0x88, 0x2f, 0x21, 0x63, 0x0f, 0x84, 0x97, 0x2f, 0x35, 0x64, 0x0f, 0x85, 0x09, 0x01, 0x00, 0x4d,
    0x88, 0xd0, 0xfa, 0x12, 0x20, 0xf1, 0x50, 0xe8, 0x1a, 0x2b, 0x80, 0xa1, 0x0b, 0xba, 0x8b, 0x32,
    0x83, 0xc2, 0x04, 0x85, 0xf6, 0x9e, 0x04, 0xbb, 0x89, 0x55, 0xec, 0x56, 0xe8, 0x42, 0xeb, 0x23,
    0x03, 0x98, 0x0f, 0x8e, 0x26, 0x3a, 0x0f, 0xc8, 0xc1, 0x48, 0x80, 0x7c, 0x0e, 0xff, 0x23, 0x75,
    0xee, 0x37, 0x07, 0x89, 0xa7, 0xa9, 0x07, 0xd3, 0x40, 0x8a, 0x54, 0x06, 0xff, 0x80, 0xfa, 0x0a,
    0x75, 0x17, 0x11, 0x01, 0x8c, 0x08, 0x2b, 0x01, 0x87, 0x28, 0x01, 0x03, 0x99, 0x07, 0x88, 0x93,
    0x28, 0x01, 0x9b, 0x8b, 0x55, 0xec, 0x28, 0x01, 0x57, 0x40, 0x39, 0xc1, 0x75, 0xc2, 0x89, 0x5d,
    0xf0, 0xeb, 0x6f, 0xbc, 0x04, 0x8b, 0x42, 0xa9, 0x29, 0xa8, 0xf2, 0x89, 0xde, 0xe9, 0x3a, 0xd9,
    0x0f, 0xa0, 0x0a, 0x8d, 0x72, 0x08, 0x25, 0x12, 0x08, 0x5b, 0xa5, 0x4f, 0x52, 0x04, 0x85, 0xd2,
    0x74, 0x3a, 0x8a, 0x01, 0x3c, 0x73, 0x17, 0x82, 0x9b, 0x01, 0x04, 0x16, 0xa0, 0x41, 0x4a, 0x75,
    0xc9, 0x21, 0x39, 0x3c, 0xf2, 0x8d, 0x75, 0xf0, 0xe9, 0xe2, 0x01, 0x27, 0x32, 0x0f, 0x87, 0xae,
    0x00, 0x00, 0x00, 0x94, 0x88, 0x3f, 0xc7, 0x01, 0x88, 0xe9, 0x5b, 0x3a, 0xa1, 0x8b, 0x02, 0x83,
    0xc2, 0x4f, 0x10, 0x88, 0x73, 0xab, 0x1a, 0xb8, 0xb6, 0x08, 0x83, 0xf9, 0x0a, 0x74, 0x0a, 0xa9,
    0x12, 0x88, 0xa6, 0x45, 0x2e, 0x07, 0x79, 0x16, 0x09, 0x8b, 0x79, 0x04, 0xe9, 0x97, 0xeb, 0xbe,
    0xc1, 0x01, 0x01, 0x88, 0x63, 0x77, 0x1f, 0xb0, 0xda, 0x83, 0xc4, 0x04, 0xe9, 0x5d, 0x5e, 0x27,
    0x8f, 0x02, 0x67, 0x02, 0x25, 0x9b, 0x83, 0xc2, 0x04, 0x42, 0x01, 0x90, 0xe9, 0x1c, 0xe9, 0x27,
    0x3f, 0xe7, 0x5a, 0x01, 0x00, 0x8d, 0x75, 0xf0, 0xa5, 0x01, 0x0f, 0x01, 0xa5, 0x2a, 0x08, 0xb9,
    0x4a, 0x28, 0x0f, 0xb6, 0x11, 0x83, 0xfa, 0x47, 0xa0, 0xd2, 0x0f, 0x84, 0xce, 0xf1, 0x33, 0x87,
    0xd8, 0x01, 0x1a, 0x86, 0x65, 0x01, 0x50, 0xeb, 0xbe, 0x8b, 0x55, 0xec, 0x0f, 0xb6, 0x06, 0x83,
    0xf8, 0x8c, 0x20, 0xc0, 0x0f, 0x84, 0x1a, 0x45, 0x87, 0xaa, 0x01, 0x23, 0x19, 0x46, 0xeb, 0xbe,
    0xd6, 0x03, 0xd3, 0xaf, 0x06, 0x85, 0xc9, 0x74, 0x32, 0x74, 0x01, 0x26, 0x80, 0x5b, 0x02, 0xb1,
    0x8b, 0x5d, 0xf0, 0xe9, 0x22, 0xfc, 0x5c, 0x17, 0xb9, 0x8b, 0x55, 0xec, 0xeb, 0xf0, 0x80, 0x3d,
    0x26, 0x13, 0x94, 0x75, 0x33, 0x28, 0x13, 0x98, 0x33, 0x83, 0x3d, 0x24, 0x13, 0xb0, 0x00, 0x74,
    0x21, 0x31, 0xf6, 0xa1, 0x24, 0x13, 0x90, 0x53, 0x68, 0x76, 0x01, 0xb8, 0xff, 0x34, 0xb0, 0xe8,
    0x14, 0xf8, 0x02, 0xfd, 0x2a, 0x18, 0x46, 0x3b, 0x35, 0x22, 0xb8, 0x72, 0xe1, 0x85, 0xdb, 0x75,
    0x3f, 0xe9, 0xc3, 0x28, 0xa8, 0x85, 0xdb, 0x0f, 0x84, 0x87, 0x83, 0x1e, 0xa0, 0xf6, 0x8d, 0x7d,
    0xc4, 0x68, 0x3a, 0x99, 0x57, 0xe8, 0xbc, 0xbd, 0x25, 0xa1, 0x0c, 0x0f, 0xbe, 0x86, 0xbf, 0x01,
    0x90, 0x00, 0x0e, 0xad, 0x39, 0xc1, 0xe8, 0x57, 0x57, 0x6a, 0x10, 0xe8, 0xad, 0xbf, 0x06, 0x15,
    0xe4, 0x46, 0x39, 0xf3, 0x75, 0xd3, 0x31, 0xf6, 0xbf, 0x00, 0x24, 0x00, 0x08, 0xa5, 0x13, 0x0c,
    0x40, 0x8f, 0xa1, 0x37, 0x80, 0x3d, 0xb2, 0xe3, 0x05, 0x0b, 0x2e, 0x42, 0xa1, 0x50, 0xe8, 0xe1,
    0xe5, 0x20, 0x0b, 0x98, 0x0f, 0xb6, 0x8e, 0x45, 0x03, 0xf9, 0x03, 0x84, 0xc0, 0x75, 0x0a, 0x83,
    0xf9, 0x1b, 0x77, 0x0e, 0x0f, 0xa3, 0xcf, 0x73, 0x09, 0x51, 0xe8, 0x68, 0xd9, 0xd2, 0x31, 0x00,
    0x55, 0x88, 0xb2, 0x90, 0x1a, 0x85, 0xea, 0x0d, 0x98, 0x0f, 0xb6, 0x02, 0x79, 0x01, 0xd9, 0x06,
    0x85, 0xc0, 0x74, 0x42, 0xeb, 0x1f, 0x8b, 0x31, 0x81, 0xfe, 0x0a, 0x03, 0x3a, 0x0e, 0x8d, 0x7e,
    0x01, 0x89, 0x39, 0xc6, 0x9e, 0x12, 0x8b, 0x31, 0x09, 0x0d, 0x00, 0x1f, 0x09, 0x0d, 0x1f, 0x09,
    0x88, 0x16, 0x05, 0x1e, 0x9f, 0x42, 0xeb, 0xb2, 0xde, 0x26, 0x01, 0x88, 0x20, 0x44, 0x0e, 0x88,
    0xc0, 0x74, 0x1f, 0x81, 0xc0, 0x30, 0x88, 0x89, 0xcc, 0x38, 0xe8, 0xd4, 0xc6, 0x45, 0xe8, 0x00,
    0x89, 0xd0, 0x09, 0xf8, 0x74, 0x59, 0x89, 0xd3, 0xfd, 0x2b, 0x81, 0x4d, 0x17, 0xd9, 0xfa, 0x31,
    0xc2, 0x31, 0xc3, 0x29, 0xc3, 0x19, 0xc2, 0xbe, 0x13, 0x14, 0x0a, 0xd2, 0xec, 0x6a, 0x00, 0x6a,
    0x0a, 0x52, 0x53, 0xe8, 0xed, 0xc1, 0xae, 0x34, 0xf8, 0x05, 0xc1, 0x01, 0xc1, 0x8d, 0x0c, 0x89,
    0x89, 0xdf, 0x29, 0xcb, 0x80, 0xcb, 0x30, 0x88, 0x5c, 0x35, 0xd4, 0x4e, 0xb9, 0x09, 0xd0, 0x18,
    0x89, 0xf9, 0xa2, 0x3c, 0x7b, 0x04, 0x1b, 0x4d, 0xec, 0x89, 0xc3, 0x72, 0xc9, 0x83, 0x7d, 0x08,
    0x00, 0x78, 0x23, 0x46, 0xeb, 0x25, 0x8b, 0x01, 0x3d, 0xc3, 0xb0, 0x50, 0x01, 0x89, 0x11, 0xc6,
    0x80, 0xad, 0x02, 0x1a, 0x30, 0x8b, 0x01, 0x09, 0xf9, 0x02, 0x00, 0xeb, 0x11, 0xc6, 0x44, 0x35,
    0xd4, 0x2d, 0x8d, 0x54, 0x35, 0xd4, 0x8b, 0x4d, 0xf0, 0xe8, 0xf8, 0xe1, 0x0e, 0x88, 0x20, 0x73,
    0x3d, 0x06, 0xb9, 0x27, 0x89, 0xd7, 0x8b, 0x55, 0xbb, 0x0c, 0x5c, 0xf8, 0x09, 0xd0, 0x74, 0x48,
    0x89, 0x4d, 0xf0, 0x8d, 0x5d, 0xe8, 0xa8, 0x1e, 0x57, 0xe8, 0x45, 0xa8, 0x77, 0x8d, 0x34, 0x89,
    0x89, 0xf9, 0x29, 0xf1, 0x80, 0xc9, 0x30, 0x88, 0x4b, 0xff, 0x4b, 0xa7, 0x05, 0x98, 0xc7, 0x72,
    0xca, 0x1a, 0x0d, 0x90, 0xda, 0xe8, 0xdb, 0x3a, 0x17, 0xeb, 0x1e, 0xaa, 0x13, 0x04, 0x97, 0x86,
    0x19, 0x27, 0xb0, 0xd6, 0x8b, 0x45, 0x08, 0x31, 0xd2, 0xce, 0x0a, 0x90, 0x55, 0xe4, 0x46, 0x18,
    0x60, 0x55, 0xdc, 0xc6, 0x45, 0xec, 0x00, 0x89, 0xf2, 0x09, 0xc2, 0x74, 0x54, 0x94, 0xa0, 0x7d,
    0xec, 0xb9, 0x0f, 0x63, 0x41, 0xfb, 0x0c, 0xc3, 0x89, 0xf2, 0x83, 0xe2, 0x0f, 0x8a, 0x92, 0x4d,
    0x59, 0x01, 0x00, 0x88, 0x57, 0xff, 0x4f, 0x89, 0xc2, 0x0f, 0xa4, 0xf2, 0x1c, 0xc1, 0xeb, 0x04,
    0x39, 0xf1, 0xe7, 0x27, 0xe8, 0x89, 0xd6, 0x89, 0xd8, 0x72, 0xd9, 0x8b, 0x75, 0xf0, 0x89, 0xf1,
    0xba, 0xbb, 0x4b, 0x15, 0x88, 0xf0, 0xbd, 0x32, 0xa8, 0xf1, 0x89, 0xfa, 0xe8, 0xe7, 0x9b, 0x17,
    0x83, 0x46, 0x26, 0xab, 0xba, 0x30, 0x55, 0x01, 0x00, 0x53, 0x26, 0x9c, 0xe9, 0xce, 0xfd, 0x63,
    0x2f, 0xf9, 0x02, 0x50, 0x8b, 0x75, 0x08, 0x85, 0xf6, 0x75, 0x02, 0x89, 0xee, 0x68, 0x34, 0x55,
    0x01, 0x00, 0xe8, 0xbf, 0x6b, 0x12, 0xc0, 0x04, 0xbf, 0xb8, 0x60, 0x05, 0x00, 0x8b, 0x46, 0x1f,
    0x09, 0x9b, 0x67, 0x8b, 0x36, 0xc0, 0x15, 0x98, 0xb9, 0x7c, 0x5c, 0x24, 0x2c, 0x79, 0x26, 0xcf,
    0x8b, 0x11, 0x39, 0xc2, 0x73, 0x3e, 0x89, 0x75, 0xf0, 0x31, 0xdb, 0x89, 0xd6, 0x89, 0xdf, 0x83,
    0xc7, 0x04, 0x89, 0xfb, 0x80, 0x3c, 0x19, 0x00, 0x8d, 0x5b, 0x01, 0x75, 0xf7, 0x8b, 0x14, 0x19,
    0x39, 0xc2, 0x72, 0xe7, 0x01, 0xf9, 0x89, 0xc2, 0x29, 0xf2, 0x52, 0x51, 0x50, 0x68, 0xaa, 0x59,
    0x01, 0x00, 0xe8, 0x68, 0x57, 0x21, 0x10, 0x8b, 0x75, 0xf0, 0x5a, 0x28, 0xeb, 0x0e, 0x50, 0x68,
    0x41, 0x6f, 0x09, 0x50, 0x6f, 0x00, 0x82, 0x42, 0x92, 0x68, 0xd8, 0x58, 0x01, 0x00, 0xe8, 0x3f,
    0x11, 0x87, 0xa8, 0x1b, 0x01, 0xc8, 0x80, 0x3d, 0x58, 0x62, 0x01, 0x00, 0x01, 0x0f, 0x84, 0x5b,
    0x41, 0x80, 0x41, 0x0a, 0xa0, 0x5d, 0x08, 0x81, 0xc3, 0x33, 0x27, 0xa8, 0x83, 0xd7, 0x00, 0x0f,
    0x92, 0x36, 0x1a, 0xf9, 0x22, 0x89, 0xc1, 0xf7, 0xd9, 0x09, 0xc1, 0x0f, 0x85, 0xd9, 0x00, 0x00,
    0x00, 0x81, 0xe3, 0x00, 0xf0, 0xff, 0xff, 0xa1, 0x64, 0x62, 0x01, 0x00, 0x8b, 0x35, 0x60, 0x62,
    0x01, 0x00, 0x89, 0xf1, 0x01, 0xd9, 0x89, 0xc2, 0x11, 0xfa, 0x89, 0x7d, 0xf0, 0x89, 0xdf, 0xbb,
    0x00, 0x00, 0x10, 0x00, 0x39, 0xcb, 0x0e, 0x3f, 0xf0, 0x19, 0xd1, 0x72, 0x60, 0x31, 0xc9, 0x51,
    0x51, 0x51, 0x6a, 0x01, 0x68, 0x00, 0x10, 0x4f, 0x2e, 0xf8, 0x03, 0xf0, 0x53, 0x57, 0x50, 0x56,
    0x68, 0xfc, 0xe3, 0x05, 0x00, 0x68, 0x10, 0xe4, 0x05, 0x00, 0xe8, 0xb0, 0x0c, 0xab, 0x26, 0x09,
    0x2c, 0x48, 0x80, 0x68, 0x36, 0x09, 0x3d, 0x57, 0x10, 0x81, 0xc6, 0x2e, 0x80, 0xa6, 0x19, 0x08,
    0xf1, 0xe6, 0x17, 0x11, 0xda, 0x55, 0x03, 0x09, 0x89, 0x2e, 0x08, 0xa3, 0x2a, 0xa9, 0x73, 0xa0,
    0x68, 0xe7, 0x58, 0xdf, 0x13, 0x90, 0x4f, 0xe8, 0xe6, 0x1f, 0xb2, 0x57, 0x50, 0x56, 0xe8, 0x8f,
    0xe4, 0x18, 0x19, 0x08, 0x3d, 0x54, 0x10, 0x11, 0x1d, 0x27, 0x1e, 0x31, 0xc0, 0x50, 0x75, 0x9b,
    0xe8, 0x57, 0x00, 0x61, 0x3e, 0x84, 0x2e, 0x19, 0xc8, 0x68, 0x91, 0x57, 0x01, 0x00, 0xeb, 0xba,
    0x68, 0xdb, 0x66, 0x1e, 0x88, 0xb3, 0x01, 0x1b, 0xfe, 0x09, 0x45, 0x20, 0x8a, 0x4d, 0x24, 0x0f,
    0xb6, 0x55, 0x28, 0x0f, 0xb6, 0xc9, 0x0f, 0xb6, 0xc0, 0x52, 0x51, 0x50, 0xff, 0x75, 0x1c, 0xff,
    0x75, 0x18, 0xe8, 0x2a, 0x16, 0x75, 0x08, 0x52, 0x19, 0xe8, 0xe9, 0x0b, 0xc7, 0x86, 0x76, 0x1c,
    0x88, 0x50, 0xbc, 0x14, 0x88, 0x18, 0xca, 0x04, 0x92, 0x08, 0x04, 0x4c, 0x33, 0xf8, 0x03, 0x42,
    0x08, 0x89, 0x45, 0xbc, 0x31, 0xc9, 0x8d, 0x04, 0x49, 0x83, 0x7c, 0xc2, 0x10, 0x01, 0x0f, 0x85,
    0xcf, 0x28, 0x0e, 0x90, 0x04, 0xc2, 0x3b, 0x3c, 0xb8, 0x75, 0xbc, 0x89, 0x4d, 0xc4, 0x89, 0xc8,
    0x62, 0x3d, 0xa0, 0xd9, 0x83, 0xe8, 0x01, 0xbf, 0x0d, 0x90, 0x82, 0xef, 0xfe, 0x43, 0x80, 0xbd,
    0x23, 0x91, 0xd8, 0x8b, 0x02, 0x16, 0xf8, 0x03, 0x58, 0x08, 0x89, 0x4d, 0xd4, 0x01, 0xcb, 0x8b,
    0x40, 0x0c, 0x89, 0x7d, 0xe0, 0x11, 0xf8, 0x0f, 0x82, 0x68, 0x52, 0x08, 0xf9, 0x0c, 0x4e, 0xf8,
    0x8b, 0x56, 0xfc, 0x89, 0x55, 0xe8, 0x8b, 0x3e, 0x89, 0x4d, 0xcc, 0x01, 0xcf, 0x8b, 0x56, 0x04,
    0x13, 0x55, 0xe8, 0x8b, 0x4d, 0xdc, 0x0f, 0x82, 0xaf, 0xfb, 0x37, 0xf8, 0x07, 0xc0, 0x8b, 0x7d,
    0xd4, 0x3b, 0x7d, 0xcc, 0x8b, 0x4d, 0xe0, 0x1b, 0x4d, 0xe8, 0x0f, 0x92, 0x45, 0xf3, 0x39, 0x5d,
    0xc0, 0x89, 0x55, 0x3f, 0x20, 0x80, 0xc5, 0x16, 0xa1, 0xf3, 0x0f, 0x84, 0x12, 0xeb, 0x33, 0x78,
    0x31, 0xcc, 0x39, 0xfa, 0x8b, 0x7d, 0xe8, 0x89, 0xf9, 0x1b, 0x4d, 0xe0, 0x0f, 0x93, 0x45, 0xf3,
    0x39, 0xda, 0x89, 0xf9, 0x8b, 0x7d, 0xd4, 0x19, 0xc1, 0x0f, 0x92, 0xc1, 0x22, 0x4d, 0xf3, 0x88,
    0x4d, 0xf3, 0x80, 0xf9, 0x01, 0x8b, 0x55, 0xc0, 0x75, 0x17, 0x39, 0xfa, 0x8b, 0x4d, 0xc8, 0x1b,
    0x4d, 0xe0, 0x72, 0x0d, 0x39, 0xda, 0x8b, 0x4d, 0xc8, 0x19, 0xc1, 0x0f, 0x82, 0x43, 0x03, 0x00,
    0x00, 0x3f, 0x0c, 0xc8, 0x3f, 0xf8, 0x15, 0xd3, 0xf6, 0x45, 0xf3, 0x01, 0x0f, 0x45, 0x45, 0xe8,
    0x0f, 0x45, 0x5d, 0xcc, 0x39, 0xda, 0x19, 0xc7, 0x0f, 0x92, 0xc1, 0x84, 0x4d, 0xd3, 0x8b, 0x7d,
    0xd4, 0x0f, 0x45, 0xfa, 0x8b, 0x55, 0xe0, 0x0f, 0x45, 0x55, 0xc8, 0x30, 0x0c, 0xf0, 0x39, 0x29,
    0xfb, 0x89, 0x51, 0x04, 0x19, 0xd0, 0x89, 0x59, 0x08, 0x89, 0x41, 0x0c, 0x81, 0x25, 0xc0, 0xc6,
    0x18, 0x49, 0x8b, 0x45, 0xe4, 0x0f, 0x85, 0x67, 0x04, 0x81, 0xc5, 0x25, 0x08, 0x08, 0xef, 0xe8,
    0xca, 0x09, 0xc2, 0x74, 0x7e, 0x80, 0x7d, 0x10, 0x00, 0x74, 0x5d, 0x81, 0xf9, 0x19, 0x02, 0xf8,
    0x04, 0x89, 0xc2, 0x83, 0xda, 0x00, 0x72, 0x6b, 0x8b, 0x75, 0xd8, 0x8b, 0x16, 0x8b, 0x76, 0x04,
    0x89, 0xd7, 0x81, 0xc7, 0xad, 0x02, 0x98, 0x89, 0x75, 0xe4, 0xed, 0x0d, 0x88, 0x75, 0x4a, 0x18,
    0xe0, 0x0f, 0xb6, 0xf3, 0x89, 0xf3, 0xf7, 0xdb, 0x09, 0xf3, 0x75, 0x44, 0xbe, 0xae, 0x02, 0xc8,
    0x21, 0xf7, 0x01, 0xca, 0x8b, 0x4d, 0xe4, 0x11, 0xc1, 0x83, 0x15, 0x11, 0x38, 0x29, 0xee, 0xf8,
    0x02, 0x78, 0x04, 0x19, 0xf9, 0x21, 0xf2, 0x89, 0x50, 0x08, 0x09, 0xca, 0x89, 0x48, 0x0c, 0x74,
    0x1b, 0x8b, 0x10, 0x34, 0x30, 0x08, 0x8b, 0x4d, 0xc4, 0xeb, 0x37, 0x9f, 0xc8, 0x19, 0x89, 0x41,
    0x04, 0x31, 0xc0, 0x89, 0x41, 0x0c, 0x7f, 0x24, 0xd8, 0x5d, 0xec, 0x4b, 0x39, 0x5d, 0xc4, 0x73,
    0x18, 0x8d, 0x04, 0x5b, 0xcd, 0x01, 0xa1, 0x34, 0xc2, 0xb9, 0x06, 0x2b, 0x03, 0xf8, 0x04, 0xd8,
    0xf3, 0xa5, 0x31, 0xc9, 0x49, 0xeb, 0x06, 0x31, 0xc9, 0x49, 0x8b, 0x55, 0x08, 0x41, 0x39, 0xd9,
    0x0f, 0x82, 0x90, 0x07, 0x80, 0xf9, 0x01, 0x89, 0x0f, 0xbf, 0x09, 0xf9, 0x0c, 0x8a, 0x0d, 0x00,
    0xe4, 0x05, 0x00, 0x88, 0x4d, 0xe4, 0x8d, 0x0c, 0x40, 0x8d, 0x3c, 0xca, 0x83, 0x7f, 0x10, 0x01,
    0x75, 0x6b, 0x80, 0x7d, 0xe4, 0x00, 0x75, 0x65, 0xe1, 0x2e, 0x88, 0xbe, 0x67, 0x03, 0x92, 0x39,
    0xce, 0x69, 0x04, 0xb0, 0xd6, 0x72, 0x50, 0x8b, 0x77, 0x08, 0x07, 0x3d, 0xa8, 0x77, 0x0c, 0x89,
    0x75, 0xdc, 0x72, 0x3f, 0xf9, 0x01, 0xcb, 0x03, 0x5d, 0xe8, 0x8b, 0x75, 0xdc, 0x11, 0xf2, 0x0f,
    0x92, 0x45, 0xe0, 0x81, 0xfb, 0x01, 0x46, 0x03, 0x88, 0xec, 0xc1, 0x2c, 0x48, 0x92, 0xc2, 0x0a,
    0x55, 0xe0, 0x75, 0x2c, 0x81, 0xc9, 0xe0, 0xe8, 0x03, 0x4d, 0xe8, 0x83, 0xd6, 0xff, 0x89, 0x4f,
    0x08, 0x89, 0x77, 0x0c, 0xc7, 0xb8, 0x13, 0xa1, 0x00, 0x00, 0xc7, 0x07, 0x73, 0x03, 0x79, 0x0b,
    0x4f, 0x08, 0x0b, 0x4f, 0x0c, 0x74, 0x05, 0x8b, 0x55, 0x08, 0xeb, 0x16, 0x4b, 0x39, 0xd8, 0x8b,
    0x55, 0x08, 0x73, 0x0d, 0x8d, 0x0c, 0x5b, 0x8d, 0x34, 0xca, 0xc3, 0xc8, 0xf3, 0xa5, 0x48, 0x40,
    0x39, 0xd8, 0x0f, 0x82, 0x5d, 0xc6, 0x3c, 0xa9, 0xfb, 0x02, 0x0f, 0x82, 0x61, 0x6e, 0x3d, 0x88,
    0xec, 0x6e, 0x24, 0xf0, 0x40, 0x89, 0xd3, 0x89, 0x45, 0xe0, 0x8d, 0x04, 0x49, 0x8d, 0x04, 0xc2,
    0x8b, 0x30, 0xc1, 0x22, 0x90, 0x78, 0x04, 0xb6, 0x3f, 0xb0, 0xc8, 0x89, 0x45, 0xe8, 0x8b, 0x13,
    0x98, 0x2e, 0xd8, 0x43, 0x04, 0x39, 0xf2, 0x89, 0xc2, 0x19, 0xfa, 0x0f, 0x42, 0xf8, 0xf3, 0x2c,
    0xf8, 0x03, 0x42, 0x75, 0xe4, 0x0f, 0x42, 0xc1, 0x41, 0x83, 0xc3, 0x18, 0x39, 0x4d, 0xec, 0x75,
    0xd9, 0x8d, 0x04, 0x40, 0x2d, 0x01, 0x8a, 0x1c, 0x2d, 0x01, 0xc9, 0x8d, 0x45, 0xa4, 0x89, 0xc7,
    0x89, 0xde, 0xf3, 0xa5, 0x3b, 0x01, 0x2e, 0x89, 0xdf, 0x8b, 0x5d, 0xd4, 0x0e, 0xf8, 0x0c, 0xdf,
    0x89, 0xc6, 0xf3, 0xa5, 0x8b, 0x4d, 0xe0, 0x8d, 0x41, 0x01, 0x8b, 0x5d, 0xdc, 0x83, 0xc3, 0x18,
    0x3b, 0x45, 0xec, 0x75, 0x82, 0x8d, 0x42, 0x30, 0x89, 0x45, 0x96, 0x31, 0x90, 0xc9, 0x41, 0x79,
    0x01, 0xf8, 0x03, 0x74, 0xc2, 0x10, 0x83, 0xfe, 0x01, 0x74, 0x14, 0x81, 0xfe, 0x03, 0x10, 0x00,
    0x00, 0x74, 0x0c, 0x81, 0xfe, 0x27, 0x04, 0x99, 0x0f, 0x85, 0x90, 0x2b, 0x03, 0xf8, 0x10, 0xe4,
    0x89, 0x45, 0xdc, 0x8d, 0x14, 0xc2, 0x8b, 0x42, 0x08, 0x8b, 0x4a, 0x0c, 0x8b, 0x3a, 0x89, 0x45,
    0xe8, 0x01, 0xc7, 0x8b, 0x42, 0x04, 0x89, 0x4d, 0xe0, 0x11, 0xc8, 0x72, 0x6d, 0x89, 0xb3, 0x22,
    0xb8, 0xe4, 0x8d, 0x0c, 0x49, 0x89, 0x4d, 0xe4, 0x1d, 0x19, 0xf8, 0x27, 0x7d, 0xe4, 0x39, 0x74,
    0xf9, 0x10, 0x8b, 0x75, 0xe4, 0x75, 0x52, 0x8d, 0x0c, 0xf1, 0x8b, 0x75, 0xd4, 0x33, 0x31, 0x33,
    0x41, 0x04, 0x09, 0xf0, 0x75, 0x43, 0x8b, 0x45, 0xe8, 0x03, 0x41, 0x08, 0x8b, 0x75, 0xe0, 0x13,
    0x71, 0x0c, 0x72, 0x35, 0x89, 0x42, 0x08, 0x89, 0x72, 0x0c, 0x8d, 0x43, 0x02, 0x3b, 0x45, 0xec,
    0x73, 0x23, 0x9d, 0x19, 0x89, 0xda, 0xe0, 0x2d, 0x51, 0xcc, 0x8b, 0x4d, 0xdc, 0x8d, 0x04, 0xc8,
    0x8d, 0x78, 0xe8, 0xc1, 0x00, 0xbf, 0x50, 0x83, 0xc0, 0x18, 0x4a, 0x75, 0xee, 0xff, 0x4d, 0xec,
    0x4b, 0xf6, 0xb0, 0x43, 0x01, 0x83, 0xc3, 0x02, 0x3b, 0xd2, 0x03, 0xa0, 0x89, 0xc3, 0x0f, 0x82,
    0x56, 0x28, 0x93, 0xeb, 0x0c, 0xf3, 0x0e, 0x90, 0xeb, 0x03, 0x7b, 0x36, 0x90, 0x45, 0x0c, 0x1a,
    0x38, 0xa2, 0x08, 0x83, 0xc4, 0x50, 0xe5, 0x42, 0x91, 0x5a, 0x54, 0xa7, 0x18, 0x91, 0x87, 0xe3,
    0x87, 0x2c, 0x80, 0xdd, 0x2b, 0x96, 0x6a, 0x01, 0xb5, 0x04, 0x92, 0xe8, 0xa2, 0x2e, 0x1d, 0x88,
    0xa1, 0xc7, 0x04, 0xa1, 0x89, 0x06, 0xc6, 0x05, 0xb2, 0x05, 0x88, 0xb8, 0xd0, 0x04, 0x8e, 0x5e,
    0xff, 0x44, 0xb0, 0x10, 0x83, 0x3d, 0x90, 0x15, 0x06, 0xac, 0x2a, 0x89, 0xa9, 0xd8, 0x14, 0x90,
    0xb8, 0x94, 0xec, 0x3c, 0x09, 0x3d, 0x34, 0xa1, 0x4d, 0xec, 0x81, 0xff, 0xb3, 0x1b, 0x08, 0x84,
    0x06, 0xb1, 0x89, 0x7d, 0xf0, 0x8d, 0x0c, 0xfd, 0x3a, 0x4a, 0x10, 0x94, 0x49, 0x46, 0x02, 0xc7,
    0x89, 0xd7, 0x88, 0x01, 0xf8, 0x09, 0x7a, 0x04, 0x8b, 0x0a, 0x8b, 0x72, 0x08, 0x01, 0xce, 0x8b,
    0x5a, 0x0c, 0x11, 0xfb, 0x89, 0x5d, 0xe4, 0x73, 0x08, 0x8b, 0x7d, 0xf0, 0xe9, 0x40, 0xa4, 0x16,
    0x88, 0x7a, 0xbc, 0x04, 0x88, 0x2c, 0xac, 0x33, 0x98, 0x75, 0xe8, 0xba, 0x12, 0x2b, 0xf8, 0x04,
    0x66, 0x8b, 0x12, 0x0f, 0xbf, 0xd2, 0x0f, 0xb7, 0xf2, 0xc1, 0xe6, 0x04, 0x81, 0xfa, 0x00, 0xa0,
    0xff, 0xff, 0xba, 0x19, 0x4a, 0x52, 0x0f, 0x4d, 0xf2, 0x39, 0xf1, 0x83, 0xdf, 0x00, 0x72, 0x60,
    0x80, 0x11, 0x8d, 0x14, 0x6e, 0x18, 0x8b, 0x8c, 0x52, 0xb4, 0xa4, 0xbe, 0xff, 0xff, 0x0f, 0xf7,
    0x02, 0x79, 0x0d, 0x1b, 0xb4, 0x52, 0x14, 0xe4, 0x05, 0x00, 0x72, 0x37, 0x81, 0x7d, 0xe8, 0x01,
    0x00, 0x10, 0x00, 0x8b, 0x75, 0xe4, 0x83, 0xde, 0x00, 0x8b, 0x75, 0xec, 0x0f, 0x82, 0xd1, 0xa0,
    0x01, 0x32, 0xfa, 0x00, 0x81, 0xc9, 0x00, 0x00, 0xf0, 0xff, 0x01, 0x4a, 0x08, 0x83, 0x52, 0x0c,
    0xff, 0xc7, 0x42, 0xe3, 0x02, 0x88, 0x02, 0x6d, 0x06, 0x0a, 0xb9, 0x86, 0x4f, 0x09, 0x0f, 0xbf,
    0xd1, 0x0f, 0xb7, 0xca, 0xc1, 0xe1, 0x86, 0x03, 0x19, 0xca, 0xba, 0x00, 0x54, 0xa2, 0xe8, 0x39,
    0xf2, 0xba, 0x97, 0x20, 0xba, 0xe4, 0x19, 0xfa, 0x72, 0x65, 0x39, 0xf1, 0xa2, 0x06, 0x1f, 0xf9,
    0x73, 0x5a, 0x40, 0x14, 0x90, 0x8b, 0x15, 0x73, 0x01, 0x80, 0x9a, 0x38, 0x91, 0x14, 0xd5, 0xb0,
    0x11, 0x79, 0x09, 0xfb, 0x89, 0xf7, 0x8b, 0xb4, 0x52, 0x18, 0xe4, 0x05, 0x00, 0x29, 0xfe, 0x8b,
    0xbc, 0x52, 0x1c, 0xe4, 0x05, 0x00, 0x19, 0xdf, 0x01, 0xce, 0x89, 0x14, 0x80, 0x33, 0x07, 0x0a,
    0x89, 0x15, 0xa1, 0xeb, 0x09, 0x8b, 0x0d, 0x7a, 0x01, 0x80, 0x01, 0x33, 0x98, 0xf0, 0x47, 0x89,
    0x87, 0x01, 0x00, 0xd7, 0xb0, 0x46, 0x83, 0xc0, 0x18, 0x3b, 0x35, 0xa8, 0x01, 0xa8, 0x89, 0xf1,
    0x0f, 0x82, 0x64, 0xe9, 0x17, 0x8e, 0x00, 0x9e, 0x06, 0x91, 0xe8, 0xb9, 0xf1, 0x16, 0x90, 0x0c,
    0xb8, 0x1f, 0x4c, 0x98, 0x31, 0xc9, 0x05, 0x20, 0x04, 0xe1, 0x0f, 0x92, 0xc1, 0x89, 0xca, 0xf7,
    0xda, 0x31, 0xca, 0x75, 0x54, 0xb9, 0xce, 0x04, 0xb0, 0xc8, 0x01, 0xc8, 0x31, 0xf6, 0xb9, 0xfe,
    0x02, 0x88, 0xbf, 0xd7, 0x06, 0x88, 0xbb, 0x07, 0x02, 0xf1, 0x56, 0x56, 0x6a, 0x01, 0x56, 0x51,
    0x56, 0x50, 0x56, 0x51, 0x57, 0x53, 0xe8, 0x58, 0x3b, 0x38, 0x32, 0x2c, 0x56, 0x57, 0x53, 0xe8,
    0x69, 0x50, 0x82, 0x32, 0x02, 0x8c, 0x00, 0x2c, 0x46, 0x99, 0x68, 0x40, 0x51, 0x16, 0x1b, 0xa2,
    0x18, 0xe1, 0xff, 0xff, 0xf8, 0x06, 0x8a, 0xf2, 0x04, 0x25, 0x11, 0x8b, 0x0d, 0x9a, 0x89, 0x08,
    0x3b, 0x02, 0x81, 0x59, 0x47, 0x92, 0x6a, 0x00, 0xf0, 0x06, 0x84, 0xe7, 0x0f, 0x86, 0x30, 0x2e,
    0x10, 0x08, 0xa9, 0x9e, 0x92, 0x75, 0x51, 0xbe, 0x22, 0x91, 0x81, 0xc1, 0x33, 0x08, 0x93, 0xd2,
    0x00, 0x80, 0x05, 0xbb, 0xf7, 0xf7, 0xdf, 0x09, 0xf7, 0x75, 0x3c, 0x5d, 0x08, 0xb1, 0x74, 0x3a,
    0x81, 0xe1, 0x00, 0xf0, 0xd3, 0x3c, 0xd7, 0x31, 0xff, 0x56, 0x57, 0x57, 0x57, 0x56, 0x52, 0x51,
    0x57, 0x96, 0x07, 0x01, 0x11, 0xa5, 0x04, 0xb3, 0x81, 0x22, 0x14, 0xa0, 0x50, 0x68, 0x12, 0x5a,
    0x60, 0x29, 0x82, 0x92, 0x07, 0x88, 0x05, 0xa0, 0x07, 0x00, 0xad, 0x94, 0x6b, 0xe0, 0x55, 0x09,
    0x32, 0x8b, 0x5d, 0x18, 0x8b, 0x7d, 0x14, 0x78, 0xe1, 0x89, 0xf8, 0x09, 0xd8, 0x8b, 0x45, 0x08,
    0x74, 0x41, 0xb8, 0x00, 0x10, 0x93, 0x37, 0x80, 0x5b, 0x37, 0x89, 0x00, 0xd9, 0x32, 0x98, 0x14,
    0x89, 0xc6, 0xe9, 0x0a, 0x90, 0x74, 0x37, 0x9d, 0x17, 0xd8, 0xcf, 0x8b, 0x45, 0x10, 0x19, 0xc3,
    0x0f, 0x43, 0xf9, 0x89, 0xcb, 0x2f, 0x34, 0xa0, 0x56, 0xe8, 0x43, 0xdc, 0xe9, 0x21, 0xb0, 0x08,
    0x8b, 0x55, 0x10, 0x89, 0xd9, 0x30, 0x2f, 0x89, 0x06, 0x90, 0x46, 0x88, 0x0b, 0x2a, 0x29, 0x88,
    0x1a, 0xd5, 0x41, 0x80, 0x23, 0x08, 0x84, 0x61, 0x24, 0x05, 0x5c, 0x83, 0x0c, 0x01, 0x11, 0xa0,
    0x00, 0x60, 0x83, 0x7d, 0x24, 0x81, 0x8b, 0x01, 0x99, 0x50, 0x51, 0x51, 0x49, 0x2e, 0x0a, 0x85,
    0x1b, 0x86, 0x27, 0x01, 0x80, 0xa0, 0x49, 0x81, 0xc1, 0x22, 0x85, 0xbe, 0x22, 0x88, 0x10, 0xcb,
    0x38, 0xf8, 0x04, 0xc3, 0x89, 0xf0, 0xf7, 0x65, 0x08, 0x8d, 0x34, 0x07, 0x0f, 0x90, 0xc5, 0x08,
    0xdd, 0x08, 0xcd, 0x8b, 0x45, 0x08, 0x30, 0x19, 0x8c, 0xf2, 0xbd, 0x22, 0x1a, 0x74, 0x18, 0xb9,
    0xd1, 0x32, 0x51, 0x51, 0x52, 0x50, 0xe8, 0x2f, 0x71, 0x82, 0xbd, 0x01, 0x8a, 0x31, 0x11, 0x47,
    0x91, 0x5b, 0xdf, 0xb3, 0x30, 0x94, 0x6a, 0x00, 0x97, 0x08, 0x86, 0xa7, 0x01, 0x06, 0x80, 0x80,
    0x7a, 0x3e, 0xa0, 0x4d, 0x14, 0x8b, 0x7d, 0xdd, 0x2c, 0x98, 0x03, 0x45, 0x08, 0xd3, 0x09, 0x19,
    0x82, 0xa3, 0x01, 0x58, 0x88, 0x57, 0x74, 0x2b, 0x91, 0xc1, 0xb6, 0x23, 0x1f, 0xd1, 0x29, 0xc6,
    0x89, 0x75, 0xe4, 0x19, 0xd7, 0x89, 0x7d, 0xd8, 0x0e, 0x0a, 0x80, 0x59, 0x41, 0xa1, 0x87, 0x01,
    0x00, 0x00, 0x70, 0x04, 0xa8, 0x8d, 0x48, 0xff, 0x89, 0x4d, 0x1c, 0x47, 0xd0, 0x8d, 0x04, 0x40,
    0x8d, 0x04, 0xc5, 0x08, 0xe4, 0x05, 0x00, 0x90, 0x38, 0x80, 0x23, 0x2c, 0x88, 0xd4, 0x00, 0x2d,
    0x83, 0x0a, 0x3d, 0xc1, 0xdc, 0x83, 0x7d, 0xc8, 0x00, 0x0f, 0x88, 0xa7, 0x45, 0x0a, 0xd0, 0xd0,
    0x8b, 0x5d, 0xcc, 0x83, 0x3f, 0x01, 0x0f, 0x85, 0x8c, 0xee, 0x0f, 0xf9, 0x02, 0x47, 0xf0, 0x8b,
    0x4f, 0xf4, 0x8b, 0x77, 0xf8, 0x01, 0xc6, 0x8b, 0x57, 0xfc, 0x11, 0xca, 0x72, 0x7a, 0xef, 0x43,
    0xf8, 0x0a, 0xec, 0x39, 0x75, 0xe0, 0x8b, 0x75, 0xd4, 0x89, 0xf0, 0x89, 0x55, 0xe8, 0x19, 0xd0,
    0x73, 0x13, 0x8b, 0x55, 0xe0, 0x39, 0x55, 0xf0, 0x89, 0xc8, 0x19, 0x0b, 0x44, 0xf0, 0x89, 0xce,
    0x72, 0x07, 0xeb, 0x52, 0x8b, 0x55, 0xec, 0x89, 0xce, 0x89, 0xd0, 0x2b, 0xc4, 0x2c, 0xe0, 0xe8,
    0x19, 0xf1, 0x3b, 0x45, 0xe4, 0x1b, 0x4d, 0xd8, 0x72, 0x3b, 0x89, 0xc9, 0x34, 0x90, 0xec, 0x2b,
    0x2e, 0x0d, 0xd1, 0xc4, 0x89, 0x75, 0xc0, 0x8b, 0x75, 0xe8, 0x1b, 0x75, 0xd8, 0x08, 0x01, 0xaa,
    0x56, 0x50, 0xe8, 0xef, 0xb5, 0x0b, 0x0b, 0xd0, 0x4d, 0xc4, 0x29, 0xc1, 0x19, 0xd6, 0x89, 0xca,
    0x3b, 0x4d, 0x01, 0x2d, 0xf9, 0x02, 0x89, 0x75, 0xf0, 0x1b, 0x75, 0xc0, 0x73, 0x36, 0x4b, 0x83,
    0xc7, 0xe8, 0x85, 0xdb, 0x0f, 0x8f, 0x5f, 0xe7, 0x23, 0xa3, 0xdc, 0x84, 0x45, 0x18, 0x66, 0x39,
    0x81, 0x05, 0x1f, 0x81, 0x7e, 0x0d, 0xd1, 0xd4, 0x0f, 0x85, 0x31, 0xff, 0xff, 0xff, 0x68, 0x49,
    0x55, 0x24, 0x03, 0xd0, 0xf4, 0xdd, 0xff, 0xff, 0x89, 0xd7, 0x89, 0xcb, 0x29, 0xd3, 0x32, 0x29,
    0xfe, 0x05, 0x75, 0xf0, 0x19, 0xf2, 0x31, 0xc0, 0x31, 0xc9, 0x41, 0x50, 0x50, 0x51, 0x51, 0xff,
    0x75, 0x10, 0x52, 0x53, 0x56, 0x57, 0x5d, 0x0a, 0x91, 0xe8, 0xde, 0x52, 0x35, 0xa0, 0x2c, 0x80,
    0x7d, 0x18, 0x9a, 0x3d, 0x89, 0x3d, 0x2c, 0x01, 0x30, 0x35, 0x0c, 0xe4, 0x05, 0x00, 0xbf, 0x0b,
    0xa8, 0xeb, 0x0e, 0xff, 0x75, 0xe4, 0x71, 0x1e, 0x91, 0xea, 0xd9, 0xa5, 0x0a, 0x87, 0xfa, 0x03,
    0x02, 0x8a, 0xbf, 0xea, 0x1b, 0xaa, 0x89, 0xf8, 0x83, 0xc4, 0x34, 0xe8, 0x01, 0x30, 0x56, 0x51,
    0x01, 0x00, 0xe9, 0x7a, 0x8b, 0x80, 0x02, 0x03, 0x9e, 0xe9, 0x70, 0xff, 0x9c, 0x21, 0x89, 0x28,
    0x41, 0x06, 0xd0, 0x10, 0x83, 0xc1, 0x10, 0x89, 0x4d, 0xd4, 0x31, 0xd2, 0xb9, 0x77, 0x0b, 0x90,
    0x31, 0xff, 0xc2, 0x02, 0x98, 0x0f, 0x84, 0xca, 0x3a, 0x4e, 0x90, 0x75, 0xec, 0xfb, 0x0c, 0x93,
    0x4d, 0xe4, 0x34, 0x38, 0x80, 0x68, 0x01, 0xb8, 0x7d, 0xdc, 0x83, 0x3e, 0x01, 0x0f, 0x85, 0x9a,
    0x23, 0xf8, 0x09, 0x8b, 0x56, 0xf0, 0x8b, 0x5e, 0xf4, 0x8b, 0x4e, 0xf8, 0x01, 0xd1, 0x8b, 0x7e,
    0xfc, 0x11, 0xdf, 0x72, 0x76, 0x89, 0x55, 0xd0, 0x39, 0x55, 0xdc, 0x70, 0x01, 0x79, 0x13, 0x5d,
    0xcc, 0x19, 0xda, 0x8b, 0x5d, 0xdc, 0x0f, 0x93, 0x45, 0xe0, 0x39, 0xcb, 0x8b, 0x55, 0xec, 0x19,
    0xfa, 0x0f, 0x92, 0xc2, 0x22, 0x55, 0xe0, 0x88, 0x55, 0xf3, 0x89, 0xfa, 0x89, 0x4d, 0xe0, 0x75,
    0x06, 0x26, 0x88, 0xe0, 0x85, 0x01, 0xa0, 0x5d, 0xe4, 0x3b, 0x5d, 0x49, 0x2a, 0xf8, 0x0f, 0x1b,
    0x55, 0xcc, 0x0f, 0x93, 0xc2, 0x89, 0x5d, 0xe4, 0x39, 0xcb, 0x8b, 0x5d, 0xe8, 0x19, 0xfb, 0x0f,
    0x92, 0xc6, 0x20, 0xd6, 0x8a, 0x5d, 0xf3, 0x08, 0xf3, 0x84, 0xf6, 0x75, 0x06, 0xb1, 0x2d, 0xd0,
    0x4d, 0xe4, 0x8b, 0x55, 0xd8, 0x08, 0xda, 0x89, 0x55, 0xd8, 0xac, 0x07, 0x00, 0x11, 0x91, 0xe0,
    0x89, 0xf4, 0x09, 0xa0, 0x48, 0x0f, 0x85, 0x65, 0xcc, 0x15, 0x90, 0x7d, 0xdc, 0x93, 0x38, 0x00,
    0x28, 0x91, 0x45, 0x0c, 0x69, 0x01, 0xa2, 0xec, 0x0f, 0x85, 0x2e, 0xba, 0x19, 0x88, 0x10, 0x70,
    0x30, 0xb8, 0x43, 0xf8, 0x85, 0xf6, 0x0f, 0x45, 0xf8, 0xc7, 0x31, 0xa0, 0x78, 0x04, 0x81, 0xc1,
    0x0f, 0x06, 0x80, 0x3f, 0x07, 0x88, 0x28, 0x54, 0x18, 0x91, 0xc2, 0x04, 0xaa, 0x02, 0x81, 0xa7,
    0x2e, 0x83, 0xd5, 0x0c, 0xf8, 0x03, 0xbe, 0x20, 0xe4, 0x05, 0x00, 0x8b, 0x7e, 0xf0, 0x8b, 0x4e,
    0xf4, 0x8b, 0x5e, 0xf8, 0x01, 0xfb, 0x8b, 0x56, 0x79, 0x02, 0x88, 0x23, 0x8a, 0x28, 0x78, 0x10,
    0x4d, 0x08, 0x39, 0xf9, 0x8b, 0x7d, 0x0c, 0x1b, 0x7d, 0xf0, 0x0f, 0x93, 0xc1, 0x39, 0x5d, 0x08,
    0x8b, 0x7d, 0x0c, 0x19, 0xd7, 0x0f, 0x92, 0xc2, 0x20, 0xca, 0x80, 0xfa, 0x01, 0x74, 0x13, 0x94,
    0xc8, 0x75, 0xc5, 0x31, 0xd2, 0x4a, 0x89, 0xd0, 0xeb, 0x0a, 0x7c, 0x3b, 0xb3, 0xc2, 0xc3, 0x8b,
    0x06, 0x31, 0xd2, 0x6f, 0x28, 0x86, 0xe9, 0x26, 0xc8, 0x8b, 0x7d, 0x1c, 0x8b, 0x75, 0x18, 0x8a,
    0x4d, 0x2c, 0xd1, 0x27, 0xfa, 0x06, 0xf0, 0x09, 0xf8, 0x0f, 0x94, 0xc0, 0x22, 0x4d, 0x30, 0x08,
    0xc1, 0x8b, 0x0a, 0x89, 0x4d, 0xe0, 0xb2, 0x01, 0x0f, 0x85, 0xf3, 0x75, 0x4b, 0x80, 0xd8, 0x4c,
    0xfa, 0x00, 0xf0, 0x89, 0x45, 0xe8, 0x11, 0xfa, 0x89, 0x55, 0xec, 0x73, 0x14, 0x80, 0x7d, 0x28,
    0x00, 0x1c, 0x1f, 0x90, 0x68, 0xc1, 0xe0, 0x01, 0x88, 0xdf, 0xf4, 0x10, 0xb0, 0xc9, 0x74, 0x7a,
    0x8b, 0x7d, 0x24, 0x9d, 0x2a, 0xe0, 0x70, 0x10, 0x31, 0xd2, 0x85, 0xff, 0x74, 0x04, 0x39, 0x3e,
    0x75, 0x61, 0xd1, 0x1c, 0x21, 0x56, 0xf0, 0x8b, 0x46, 0xc2, 0xd9, 0xd3, 0x8b, 0x7e, 0xfc, 0x89,
    0x45, 0xe4, 0x11, 0xc7, 0x73, 0x08, 0x66, 0x2b, 0x9a, 0x24, 0xeb, 0x41, 0x43, 0x23, 0xd0, 0x55,
    0x14, 0x1b, 0x55, 0xe4, 0x0f, 0x92, 0xc0, 0x39, 0x5d, 0xff, 0x4c, 0xf8, 0x1e, 0x19, 0xfa, 0x0f,
    0x93, 0xc2, 0x3b, 0x5d, 0xe8, 0x1b, 0x7d, 0xec, 0x0f, 0x92, 0xc3, 0x08, 0xd3, 0x08, 0xc3, 0x80,
    0x7d, 0x2c, 0x00, 0x75, 0x05, 0xf6, 0xc3, 0x01, 0x74, 0x2b, 0x80, 0xf3, 0x01, 0x8b, 0x55, 0xf0,
    0x08, 0xda, 0xf6, 0xc3, 0x01, 0x8b, 0x7d, 0x24, 0x75, 0x55, 0x73, 0x0b, 0xf0, 0x75, 0x91, 0x8a,
    0x4d, 0x30, 0x89, 0xc8, 0x34, 0x01, 0x8a, 0x55, 0x28, 0x20, 0xc2, 0x02, 0x01, 0xc0, 0x4b, 0x84,
    0xc9, 0x74, 0x38, 0x8d, 0x7d, 0xe0, 0x32, 0x18, 0xb7, 0xf1, 0x89, 0xfa, 0xff, 0x75, 0x20, 0xfe,
    0x0c, 0x01, 0x92, 0xe8, 0x35, 0xfc, 0x04, 0x80, 0xbb, 0x39, 0x99, 0xe8, 0x0b, 0xf3, 0x7f, 0x11,
    0x91, 0x8b, 0x07, 0x1a, 0x29, 0x88, 0xb2, 0x85, 0x26, 0xb5, 0xd2, 0x80, 0xe2, 0x01, 0x89, 0xd0,
    0xac, 0x04, 0x91, 0x29, 0x56, 0x69, 0x06, 0x96, 0xaf, 0xda, 0xbc, 0x02, 0x88, 0x34, 0x1c, 0x28,
    0xd0, 0x5d, 0x08, 0x89, 0xde, 0x01, 0xfe, 0x8b, 0x45, 0x0c, 0x13, 0x1d, 0x2d, 0xa0, 0xf0, 0x0f,
    0x82, 0x1b, 0x3c, 0x24, 0xb0, 0x55, 0xc0, 0x8b, 0x12, 0x85, 0xd2, 0xe3, 0x37, 0x91, 0x84, 0xd9,
    0x90, 0x20, 0xa0, 0x89, 0xd1, 0x89, 0x75, 0x2c, 0x4a, 0x80, 0x7a, 0x0b, 0xe9, 0x7d, 0xe8, 0x8b,
    0x34, 0xc7, 0x8b, 0x5c, 0xc7, 0x04, 0x8b, 0x54, 0xc7, 0x08, 0xe1, 0x02, 0xf8, 0x02, 0xd0, 0x01,
    0xd6, 0x8b, 0x7c, 0xc7, 0x0c, 0x89, 0xda, 0x89, 0x7d, 0xcc, 0x11, 0xfa, 0x0f, 0x82, 0x82, 0x45,
    0x3c, 0x81, 0xe2, 0x09, 0xa8, 0x39, 0x4d, 0xec, 0x89, 0xd9, 0xd9, 0x01, 0xd0, 0xf9, 0x0f, 0x92,
    0x45, 0xd8, 0x89, 0x75, 0xc8, 0x39, 0x75, 0xc3, 0x10, 0xa9, 0x89, 0x55, 0xc4, 0x19, 0xd1, 0xc2,
    0x23, 0x88, 0xd8, 0x56, 0x39, 0x78, 0x11, 0x3c, 0xc1, 0x74, 0x4d, 0x89, 0x7d, 0xd8, 0x8b, 0x75,
    0xec, 0x3b, 0x75, 0x08, 0x89, 0xd8, 0x1b, 0x45, 0x0c, 0x0f, 0x93, 0x45, 0xe3, 0x8b, 0x55, 0xd4,
    0x8b, 0x7d, 0xc8, 0x72, 0x59, 0x39, 0xd6, 0x13, 0xf9, 0x1b, 0xf0, 0x73, 0x50, 0x39, 0xfa, 0x8b,
    0x45, 0xf0, 0x1b, 0x45, 0xc4, 0x73, 0x46, 0x29, 0xd6, 0x8b, 0x45, 0xf0, 0x19, 0xc3, 0x03, 0x75,
    0xd0, 0x13, 0x5d, 0xcc, 0x8b, 0x7d, 0xd8, 0x89, 0x17, 0x89, 0x47, 0x04, 0x89, 0x77, 0x08, 0x89,
    0x5f, 0x0c, 0xe9, 0x02, 0x37, 0x41, 0xe8, 0xe4, 0x4a, 0x89, 0xd0, 0x8b, 0x5d, 0xdc, 0x39, 0xd3,
    0x73, 0x11, 0x89, 0xc2, 0x31, 0x05, 0x92, 0x34, 0xc1, 0x23, 0x0a, 0xc0, 0xd0, 0xf3, 0xa5, 0x4b,
    0x89, 0xc1, 0xe9, 0xe2, 0x01, 0x3a, 0x00, 0x50, 0xc2, 0x8b, 0x55, 0xc4, 0x19, 0xd0, 0x0f, 0x92,
    0xc0, 0x8f, 0x02, 0xa1, 0x4d, 0x0c, 0x19, 0xd1, 0xd6, 0x3e, 0x9a, 0x08, 0x4d, 0xe3, 0x10, 0x3a,
    0x18, 0x39, 0x7d, 0xd4, 0x6c, 0x00, 0x23, 0xe2, 0x3b, 0x75, 0x08, 0x8b, 0x75, 0x0c, 0x19, 0xf3,
    0x0f, 0x92, 0xc1, 0x20, 0xd9, 0x1c, 0x80, 0x8e, 0x4e, 0x80, 0x5c, 0x1e, 0x90, 0xd0, 0x03, 0x3f,
    0x40, 0xa8, 0xcc, 0x11, 0xc8, 0x29, 0xfe, 0xb5, 0x0c, 0xa0, 0x71, 0x08, 0x19, 0xd0, 0x4d, 0x0d,
    0x92, 0x7d, 0xe4, 0xed, 0x09, 0x80, 0xc7, 0x03, 0x88, 0x83, 0x99, 0x23, 0x98, 0x8d, 0x34, 0x7f,
    0x8a, 0x32, 0xf9, 0x01, 0x49, 0x10, 0x8b, 0x75, 0xe8, 0x8b, 0x45, 0xec, 0x89, 0x4c, 0xc6, 0x10,
    0x47, 0x89, 0x7d, 0xe4, 0xc3, 0x3b, 0x80, 0x6b, 0x03, 0xa8, 0x89, 0x4c, 0xf0, 0x04, 0x8b, 0x22,
    0x01, 0x88, 0xec, 0x8d, 0x40, 0x3b, 0x34, 0xc8, 0x8b, 0x7d, 0xc8, 0x29, 0xf7, 0x0e, 0x33, 0x7c,
    0xc8, 0x08, 0x1b, 0x55, 0xf0, 0x1b, 0x68, 0x54, 0xc8, 0x0c, 0x8b, 0x4d, 0xe4, 0xeb, 0x1f, 0x8b,
    0x4d, 0xd0, 0x03, 0x4d, 0x7b, 0xb8, 0x13, 0x45, 0x0c, 0x29, 0xf9, 0x19, 0xd0, 0x0c, 0x01, 0x20,
    0x4f, 0x08, 0x89, 0x47, 0x1e, 0xd8, 0x8b, 0x5d, 0xdc, 0x43, 0x39, 0xcb, 0x0f, 0x82, 0x45, 0xfe,
    0xff, 0x0d, 0x35, 0x80, 0xd9, 0x3d, 0x8a, 0xca, 0xf3, 0x01, 0x91, 0x76, 0x09, 0x79, 0x08, 0xf8,
    0x02, 0xeb, 0x37, 0x31, 0xd2, 0x8b, 0x45, 0x18, 0x8d, 0x0c, 0x52, 0x8b, 0x75, 0xe8, 0x89, 0x44,
    0xce, 0x10, 0x15, 0x2f, 0xb0, 0x44, 0xce, 0x04, 0x89, 0x1c, 0xce, 0x2b, 0x2f, 0xed, 0x44, 0xce,
    0x0c, 0x89, 0x7c, 0xce, 0x08, 0x42, 0x8b, 0x45, 0xc0, 0x89, 0x10, 0x0d, 0x05, 0x8a, 0xb9, 0xc8,
    0x23, 0x91, 0x66, 0xd8, 0xf5, 0x06, 0x84, 0x3d, 0x48, 0x8a, 0x60, 0xcf, 0x10, 0xa1, 0xc6, 0x40,
    0x0d, 0x01, 0x70, 0x2d, 0x80, 0x1b, 0x05, 0x98, 0x8d, 0x75, 0xd4, 0xa0, 0x4e, 0x99, 0x56, 0xe8,
    0x84, 0xff, 0x25, 0xb8, 0x0c, 0xc7, 0x46, 0x24, 0x50, 0x56, 0x00, 0x22, 0x09, 0xa1, 0x1a, 0xe8,
    0x7d, 0xab, 0x1e, 0x10, 0xf8, 0x0b, 0x66, 0x81, 0x7e, 0x24, 0x4e, 0x56, 0x75, 0x72, 0x0f, 0xb7,
    0x45, 0xd8, 0xc1, 0xe0, 0x04, 0x0f, 0xb7, 0x75, 0xf4, 0x01, 0xc6, 0x6a, 0x06, 0x68, 0x83, 0x51,
    0x75, 0x36, 0x0a, 0xac, 0x38, 0x78, 0x10, 0x85, 0xc0, 0x75, 0x58, 0x66, 0x81, 0x7e, 0x06, 0x00,
    0x02, 0x76, 0x57, 0x8b, 0x46, 0x28, 0x0f, 0xb7, 0xf0, 0xc1, 0xe8, 0x0c, 0x83, 0xe0, 0xf0, 0x01,
    0xc6, 0x6a, 0x04, 0x68, 0x44, 0x56, 0x2a, 0x0d, 0x82, 0x2a, 0x88, 0x3c, 0x7b, 0x37, 0x91, 0xaf,
    0xad, 0x57, 0x14, 0xa0, 0x80, 0x3d, 0xb0, 0xc3, 0x27, 0x28, 0xc9, 0x0d, 0x68, 0x21, 0x53, 0x01,
    0x00, 0xe8, 0xcc, 0xe6, 0x6d, 0x14, 0x80, 0xac, 0x04, 0xa0, 0x5d, 0xc3, 0x68, 0x03, 0x1a, 0x32,
    0x9a, 0x13, 0x68, 0x6e, 0x42, 0x32, 0x91, 0xdd, 0x51, 0x49, 0x46, 0x8a, 0xe0, 0xed, 0x2e, 0x91,
    0x89, 0xd7, 0x9a, 0x41, 0x86, 0x86, 0x43, 0xd4, 0x75, 0x0c, 0x85, 0xf6, 0x74, 0x30, 0x56, 0xe8,
    0x18, 0xd3, 0x4d, 0x1b, 0x91, 0x23, 0x8d, 0x9f, 0x21, 0x20, 0x50, 0x56, 0xe8, 0x19, 0x14, 0x82,
    0xf4, 0x42, 0x88, 0x2f, 0x66, 0x10, 0x88, 0xb5, 0xb7, 0x21, 0x88, 0xe9, 0xfa, 0x3d, 0x80, 0x40,
    0x46, 0x80, 0xc4, 0x21, 0x78, 0x10, 0x89, 0x01, 0x89, 0x41, 0x08, 0x89, 0x41, 0x04, 0x66, 0xc7,
    0x41, 0x02, 0x03, 0x00, 0x89, 0xc8, 0xc1, 0xe8, 0x04, 0x83, 0xe1, 0x0c, 0x0f, 0xb7, 0xc0, 0x51,
    0x50, 0x6a, 0x71, 0xe8, 0x0c, 0xad, 0x82, 0xfe, 0x45, 0x88, 0xe8, 0xad, 0x20, 0x93, 0x85, 0x36,
    0xb1, 0x1f, 0x89, 0xda, 0xb9, 0x36, 0xf0, 0xc1, 0xe9, 0x0c, 0x83, 0xe1, 0xf0, 0x0f, 0xb7, 0xf0,
    0x01, 0xce, 0x80, 0x3d, 0x80, 0x57, 0x0c, 0xa1, 0x75, 0x27, 0x0f, 0xb7, 0x10, 0x22, 0x90, 0xb9,
    0x28, 0x03, 0x36, 0xf3, 0xc8, 0x0f, 0x42, 0xc8, 0x51, 0x56, 0x68, 0x58, 0x14, 0x06, 0x00, 0xe8,
    0xf7, 0xd2, 0x66, 0x0a, 0x00, 0x29, 0xb8, 0x01, 0x8b, 0x76, 0x14, 0x8d, 0xbd, 0xfe, 0xda, 0x0a,
    0x88, 0x32, 0x5e, 0x25, 0x0a, 0xfd, 0x1d, 0x81, 0x04, 0x4e, 0xea, 0x83, 0xe7, 0x0e, 0x0f, 0xb7,
    0xc0, 0x57, 0x50, 0x6a, 0x0c, 0xe8, 0x8c, 0xac, 0xda, 0x22, 0x80, 0x25, 0x20, 0x92, 0x85, 0xd0,
    0x29, 0x46, 0x88, 0x04, 0x4e, 0x4b, 0xb8, 0xf8, 0x2f, 0x77, 0x13, 0x50, 0x68, 0x92, 0xbf, 0x12,
    0x89, 0x91, 0xa8, 0x15, 0x99, 0x08, 0xe9, 0xb1, 0x1e, 0x40, 0x88, 0xe0, 0x7f, 0x04, 0x09, 0x0d,
    0x4e, 0x8a, 0x04, 0x94, 0x22, 0x98, 0x12, 0x68, 0x00, 0x25, 0x4b, 0x8a, 0x6a, 0xcf, 0x15, 0x88,
    0xe9, 0x5d, 0x46, 0xa0, 0x89, 0xc3, 0x8d, 0xbd, 0xc1, 0x22, 0x91, 0x68, 0x8e, 0xa2, 0x41, 0x1b,
    0x57, 0xe8, 0x7e, 0x7f, 0xa0, 0x77, 0x02, 0x8d, 0x85, 0x3b, 0x2a, 0x5f, 0x89, 0x5d, 0xf0, 0x43,
    0x53, 0xff, 0x75, 0x10, 0x50, 0xe8, 0x41, 0x99, 0x02, 0x0a, 0x0f, 0x99, 0x26, 0x25, 0xe8, 0xf3,
    0xab, 0x99, 0x89, 0x85, 0x59, 0x1a, 0x98, 0x45, 0xe0, 0xd0, 0x54, 0x3d, 0x99, 0x34, 0xe8, 0xf1,
    0x8e, 0x23, 0x89, 0x08, 0x3e, 0x41, 0xf8, 0x14, 0x8b, 0x45, 0xba, 0x89, 0x7b, 0x20, 0x89, 0x43,
    0x1c, 0xb0, 0x01, 0x88, 0x03, 0x88, 0x43, 0x2c, 0x89, 0x73, 0x2d, 0x66, 0xc7, 0x43, 0x32, 0x45,
    0x00, 0x8b, 0x45, 0xf0, 0x83, 0xc0, 0x02, 0x89, 0x45, 0xec, 0x57, 0xbf, 0x23, 0x02, 0x31, 0xd0,
    0x43, 0x08, 0xc6, 0x00, 0x2f, 0x8b, 0x43, 0x08, 0x40, 0xff, 0x3d, 0x2c, 0x32, 0x10, 0x51, 0x50,
    0xe8, 0xc4, 0xd1, 0x97, 0x90, 0x5d, 0xf0, 0x91, 0x03, 0xa0, 0x43, 0x0c, 0xb8, 0x8a, 0xa8, 0x03,
    0x90, 0x9d, 0x70, 0xee, 0x1e, 0x23, 0x57, 0x53, 0xe8, 0xc8, 0x1f, 0x40, 0x73, 0x02, 0x8b, 0x75,
    0xe0, 0x66, 0xc7, 0x83, 0x1e, 0xa8, 0x00, 0x45, 0x66, 0x89, 0xb3, 0x51, 0x09, 0x98, 0x8d, 0x85,
    0x7a, 0xb3, 0x40, 0x11, 0x75, 0xe8, 0xc7, 0x0b, 0x7a, 0x4a, 0x88, 0xd8, 0xe0, 0x01, 0x88, 0xe3,
    0x60, 0x01, 0x32, 0x53, 0x50, 0x6a, 0x20, 0xe8, 0x2c, 0xc7, 0x80, 0x64, 0x51, 0x19, 0x0f, 0xb7,
    0x85, 0x58, 0x90, 0x68, 0xaf, 0xec, 0x29, 0x89, 0x3c, 0x22, 0x13, 0xa9, 0x08, 0xeb, 0x41, 0x0f,
    0xb7, 0x81, 0x50, 0xf0, 0x66, 0x39, 0xf0, 0x89, 0xf1, 0x76, 0x5e, 0x0f, 0xb7, 0xc9, 0x51, 0x50,
    0x68, 0xdf, 0x0e, 0x2a, 0x8a, 0x1a, 0x44, 0x13, 0xa0, 0x8d, 0x45, 0xd4, 0x66, 0x3e, 0x4b, 0x81,
    0x45, 0x3b, 0xeb, 0x83, 0xe0, 0x0e, 0x0f, 0xb7, 0xc9, 0x50, 0x51, 0x6a, 0x21, 0xe8, 0xd2, 0xaa,
    0x21, 0x01, 0xa3, 0x57, 0x8b, 0x75, 0xf0, 0x5c, 0x3a, 0x88, 0xe7, 0x0a, 0x06, 0x83, 0x5c, 0x3a,
    0x0a, 0xdb, 0x0c, 0x96, 0x89, 0xf8, 0x33, 0x46, 0xa8, 0xc3, 0x0f, 0xb7, 0xc1, 0x6a, 0x37, 0x0a,
    0x9a, 0x50, 0xe8, 0x86, 0xd3, 0x1c, 0x80, 0xd3, 0x47, 0x03, 0x80, 0xf2, 0x89, 0x45, 0xde, 0x8b,
    0x7d, 0xf0, 0xff, 0x77, 0x20, 0xff, 0x77, 0x1c, 0xe8, 0x8e, 0x06, 0x3b, 0xe2, 0x89, 0x47, 0x10,
    0x8b, 0x47, 0x1c, 0x0b, 0x47, 0x20, 0x0f, 0x84, 0x1a, 0xb4, 0x47, 0x7c, 0x02, 0x89, 0xc1, 0x83,
    0xe1, 0x0f, 0x89, 0x4d, 0xc0, 0xc1, 0xe8, 0x04, 0x89, 0x45, 0xc4, 0x8d, 0x45, 0xd4, 0x97, 0xd9,
    0x31, 0xf6, 0x0f, 0xb7, 0xc0, 0x89, 0x45, 0xc8, 0x0f, 0xb7, 0xc1, 0xc1, 0x51, 0x80, 0xc6, 0x3c,
    0x8b, 0x00, 0x60, 0x1e, 0x93, 0x89, 0xf3, 0xd2, 0x36, 0x89, 0x66, 0x3d, 0x41, 0xfd, 0x0a, 0x8b,
    0x45, 0xc0, 0x66, 0x89, 0x45, 0xda, 0x8b, 0x45, 0xc4, 0x66, 0x89, 0x45, 0xdc, 0xff, 0x75, 0xc8,
    0xff, 0x75, 0xcc, 0x6a, 0x22, 0xe8, 0x01, 0xaa, 0x0b, 0x03, 0x80, 0xec, 0x39, 0x80, 0x16, 0x04,
    0xbb, 0x66, 0x3b, 0x45, 0xe0, 0x0f, 0x87, 0xe3, 0xf3, 0x40, 0xf8, 0x07, 0x79, 0x1c, 0x8b, 0x71,
    0x20, 0x89, 0xfa, 0x29, 0xda, 0x89, 0xf1, 0x1b, 0x4d, 0xe8, 0x39, 0xc2, 0x83, 0xd9, 0x00, 0x0f,
    0x82, 0xc6, 0xba, 0x07, 0xda, 0xc0, 0x75, 0x0b, 0x39, 0xfb, 0x19, 0x75, 0xe8, 0x0f, 0x82, 0xbe,
    0x7b, 0x3e, 0x80, 0x9b, 0x36, 0xda, 0xde, 0x01, 0xd9, 0x50, 0xff, 0x75, 0xe4, 0x51, 0xe8, 0xdf,
    0xcf, 0xba, 0x18, 0xfb, 0x0b, 0xb7, 0x55, 0xd8, 0x01, 0xd6, 0x66, 0x3b, 0x55, 0xde, 0x0f, 0x93,
    0xc1, 0x0a, 0x4d, 0xec, 0x8b, 0x47, 0x1c, 0xf6, 0xc1, 0x01, 0x8b, 0x4f, 0x20, 0x75, 0x2b, 0x08,
    0x1f, 0x92, 0x39, 0xc6, 0x6f, 0x30, 0xb0, 0xcb, 0x73, 0x19, 0x52, 0x68, 0x40, 0x36, 0x04, 0x8a,
    0x96, 0x71, 0x1f, 0x58, 0x8b, 0x47, 0x1c, 0x8b, 0x4f, 0x20, 0xb2, 0x01, 0x89, 0x55, 0xec, 0xda,
    0x01, 0x2b, 0x81, 0xcd, 0x22, 0xa0, 0x19, 0xc8, 0x0f, 0x82, 0x03, 0x4f, 0x87, 0xa5, 0x01, 0x0d,
    0x94, 0x2d, 0xa9, 0x9b, 0x04, 0x88, 0x3b, 0xc3, 0x0d, 0xb0, 0xd0, 0xff, 0x75, 0xe4, 0xe9, 0x62,
    0xd9, 0x45, 0x88, 0x02, 0xbc, 0x36, 0xa0, 0x20, 0x56, 0x68, 0xee, 0x46, 0x0c, 0xc9, 0x01, 0xe8,
    0x15, 0xd3, 0xff, 0xff, 0x68, 0x5e, 0x59, 0xd0, 0x36, 0x91, 0xeb, 0x50, 0xd7, 0x4a, 0x8a, 0xf9,
    0x7b, 0x33, 0xb4, 0xfb, 0xd2, 0xff, 0xff, 0x68, 0xee, 0x7b, 0x33, 0xa0, 0x56, 0xb8, 0xfe, 0x7d,
    0x29, 0x0f, 0x7b, 0x09, 0x08, 0x66, 0xc7, 0x00, 0x34, 0x12, 0x66, 0x8b, 0x10, 0xb8, 0xfe, 0x7d,
    0x10, 0x00, 0x66, 0x8b, 0x30, 0xb0, 0x01, 0x66, 0x39, 0xf2, 0x75, 0x1e, 0x1f, 0x52, 0x10, 0xf7,
    0xd2, 0x66, 0x89, 0x10, 0x66, 0x8b, 0x00, 0xba, 0x1f, 0x41, 0x12, 0x66, 0x39, 0xd0, 0x0f, 0x95,
    0xc0, 0xba, 0x3d, 0x93, 0x89, 0x0a, 0xf2, 0x30, 0x80, 0xc2, 0x0a, 0xb9, 0xb3, 0x01, 0xe8, 0xa5,
    0xff, 0xff, 0xff, 0xea, 0x3e, 0x80, 0x0d, 0x15, 0x92, 0x75, 0xd0, 0xb6, 0x05, 0x94, 0xce, 0xce,
    0xb6, 0x05, 0x91, 0x01, 0x24, 0xb6, 0x05, 0xa1, 0x15, 0xe8, 0xc7, 0xa5, 0x70, 0x2e, 0x13, 0xe8,
    0x75, 0x30, 0x80, 0xf8, 0x58, 0xf8, 0x0b, 0xb9, 0x4f, 0xc3, 0x00, 0x00, 0xe4, 0x64, 0x83, 0xe9,
    0x01, 0x0f, 0x92, 0xc2, 0xa8, 0x02, 0x74, 0x04, 0x84, 0xd2, 0x74, 0xf0, 0xa8, 0x02, 0x0f, 0x85,
    0xc2, 0x90, 0x0c, 0x1f, 0xad, 0xe6, 0x64, 0x21, 0x0e, 0x88, 0xa1, 0xb1, 0x0c, 0x0f, 0xd0, 0x21,
    0x05, 0x12, 0x01, 0x75, 0x21, 0x8a, 0x01, 0x64, 0x28, 0x09, 0xba, 0x1d, 0x59, 0x60, 0x89, 0xc1,
    0xe4, 0x64, 0x83, 0xea, 0x01, 0x0f, 0x92, 0xc4, 0x42, 0x08, 0xe4, 0x42, 0x31, 0x75, 0x63, 0xb0,
    0xd1, 0xe6, 0x64, 0x21, 0x07, 0x1d, 0x08, 0x47, 0x46, 0x80, 0xc9, 0x02, 0x89, 0xc8, 0xe6, 0x60,
    0x7f, 0x0c, 0x27, 0x75, 0x26, 0xb0, 0xae, 0x9c, 0x0e, 0xa8, 0x75, 0x09, 0xe8, 0x92, 0xfe, 0x13,
    0x01, 0xf8, 0x01, 0x75, 0x13, 0xe4, 0x92, 0xa8, 0x02, 0x75, 0x06, 0x24, 0xfc, 0x0c, 0x02, 0xe6,
    0x92, 0xe8, 0x7d, 0xe4, 0x44, 0x81, 0x77, 0x28, 0x8f, 0x28, 0x7f, 0x36, 0x01, 0x88, 0x1c, 0xbd,
    0x54, 0xc9, 0x0f, 0xa2, 0x83, 0xf8, 0x15, 0x72, 0x26, 0xb8, 0x15, 0x9b, 0x48, 0xa1, 0x0f, 0xa2,
    0x89, 0xc6, 0x86, 0x36, 0xb8, 0x85, 0xdb, 0x0f, 0x94, 0xc2, 0x08, 0xc2, 0x5d, 0x4a, 0xc0, 0xc0,
    0x08, 0xd0, 0x3c, 0x01, 0x0f, 0x85, 0xcb, 0x51, 0x5a, 0x88, 0x3d, 0xff, 0x4e, 0x90, 0x89, 0x3d,
    0xff, 0x4e, 0xf0, 0xe4, 0x61, 0x88, 0x45, 0xf3, 0x24, 0xfc, 0x88, 0x45, 0xf2, 0x31, 0xf6, 0x31,
    0xdb, 0x7d, 0x1a, 0xf8, 0x0b, 0xdc, 0x8a, 0x45, 0xf2, 0xe6, 0x61, 0xb0, 0xb0, 0xe6, 0x43, 0xb0,
    0x9c, 0xe6, 0x42, 0xb0, 0x2e, 0xe6, 0x42, 0xe4, 0x61, 0x0c, 0x01, 0xe6, 0x61, 0x0f, 0x31, 0x87,
    0x31, 0x38, 0xc7, 0xe4, 0x61, 0xa8, 0x20, 0x74, 0xfa, 0x0d, 0x78, 0x4b, 0xe8, 0x89, 0x45, 0xe4,
    0x29, 0xf8, 0x8b, 0x4d, 0xe0, 0x19, 0xca, 0x89, 0x7d, 0xec, 0x89, 0xcf, 0x89, 0xf1, 0x83, 0xc1,
    0xff, 0x89, 0x75, 0xd8, 0x89, 0xde, 0x83, 0xd3, 0xff, 0x39, 0xc1, 0x19, 0xd3, 0x89, 0xf3, 0x8b,
    0x75, 0xd8, 0x0f, 0x42, 0xc6, 0x0f, 0x42, 0xd3, 0x8b, 0x4d, 0xec, 0x3b, 0x4d, 0xe4, 0x1b, 0x7d,
    0xe8, 0x0f, 0x42, 0xda, 0x0f, 0x42, 0xf0, 0x8b, 0x45, 0xdc, 0x40, 0x83, 0xf8, 0x03, 0x75, 0x91,
    0x8a, 0x45, 0xf3, 0xe6, 0x61, 0x89, 0xf0, 0x09, 0xd8, 0x74, 0x2d, 0xb9, 0xde, 0x34, 0x12, 0x00,
    0x89, 0xf0, 0xf7, 0xe1, 0x69, 0xcb, 0x0a, 0xf2, 0x01, 0xd1, 0x6a, 0x00, 0x68, 0x9c, 0x2e, 0x00,
    0x00, 0x51, 0x50, 0xe8, 0x17, 0xa7, 0xd6, 0x1a, 0x08, 0x15, 0xb8, 0x88, 0xa3, 0xb6, 0x4f, 0x9a,
    0x83, 0xc4, 0x1c, 0xdb, 0x3a, 0xa9, 0xc8, 0xf7, 0xe3, 0x89, 0xd7, 0x57, 0x3f, 0x2f, 0x52, 0x50,
    0xe8, 0xef, 0xa6, 0x28, 0x05, 0xc0, 0x39, 0xf3, 0x83, 0xdf, 0x00, 0x0f, 0x82, 0x16, 0x7b, 0x13,
    0x8c, 0xcb, 0x0f, 0x34, 0xa0, 0x40, 0x8d, 0x45, 0xcc, 0xbc, 0x56, 0xa1, 0x50, 0xe8, 0x68, 0xcc,
    0x58, 0x29, 0x80, 0x34, 0x1c, 0xd8, 0xe8, 0xff, 0xff, 0x8d, 0x5d, 0xb4, 0xc7, 0x45, 0xf0, 0x20,
    0xe8, 0x38, 0x04, 0x91, 0xe8, 0x18, 0x3f, 0x04, 0xa8, 0xe4, 0x50, 0x41, 0x4d, 0x53, 0x7a, 0x0a,
    0xca, 0x45, 0xcc, 0x50, 0x50, 0x6a, 0x15, 0xe8, 0x43, 0xa3, 0xbe, 0x53, 0xf2, 0x45, 0xd4, 0x01,
    0x75, 0x32, 0x89, 0xf0, 0x89, 0xfa, 0x8d, 0xbf, 0x94, 0x2d, 0x06, 0x39, 0x13, 0x80, 0xca, 0x14,
    0x80, 0x32, 0x3d, 0xf2, 0x74, 0x16, 0x89, 0xc6, 0x46, 0x83, 0xc2, 0x18, 0x89, 0xd7, 0x75, 0xb0,
    0x68, 0x29, 0xf4, 0x42, 0x51, 0xb5, 0xcf, 0xff, 0xff, 0x89, 0xc6, 0x46, 0x89, 0x35, 0x90, 0xbd,
    0x8c, 0x40, 0xb4, 0x34, 0xa0, 0x56, 0x8b, 0x45, 0x14, 0x7a, 0x27, 0xf8, 0x02, 0x75, 0x08, 0xba,
    0x61, 0x5a, 0x01, 0x00, 0x83, 0xfe, 0x1e, 0x77, 0x07, 0x8b, 0x14, 0xb5, 0x5c, 0x5b, 0x8f, 0x4e,
    0x9a, 0x52, 0x68, 0x8a, 0xa1, 0x11, 0xb0, 0x77, 0xcf, 0xff, 0xff, 0xb8, 0x80, 0xec, 0x22, 0x78,
    0x0c, 0x88, 0x58, 0x5c, 0x01, 0x00, 0x66, 0x89, 0x8c, 0x00, 0x9c, 0x2e, 0x06, 0x00, 0xc7, 0x84,
    0x00, 0x9e, 0x2e, 0x06, 0x00, 0x18, 0x00, 0x00, 0x8e, 0xc1, 0xe9, 0x10, 0x16, 0xf8, 0x0c, 0xa2,
    0x2e, 0x06, 0x00, 0x83, 0xc0, 0x04, 0x75, 0xd7, 0x55, 0x89, 0xe5, 0x0f, 0x01, 0x1d, 0xb5, 0xf0,
    0x00, 0x00, 0x5d, 0xc3, 0xcc, 0xcc, 0xcc, 0xfc, 0x31, 0xc0, 0xb0, 0x21, 0x4c, 0x6a, 0x00, 0xe8,
    0x88, 0xff, 0xff, 0xff, 0x90, 0x90, 0x10, 0x1f, 0x01, 0xe8, 0x78, 0x10, 0x02, 0x1f, 0x02, 0xe8,
    0x68, 0x20, 0x02, 0x1f, 0x03, 0xe8, 0x58, 0x30, 0x02, 0x1f, 0x04, 0xe8, 0x48, 0x40, 0x02, 0x1f,
    0x05, 0xe8, 0x38, 0x50, 0x02, 0x1f, 0x06, 0xe8, 0x28, 0x60, 0x02, 0x1a, 0x07, 0xe8, 0x18, 0x70,
    0x09, 0x58, 0x7f, 0x18, 0x08, 0xe8, 0x09, 0x7f, 0x06, 0x80, 0x88, 0x09, 0x4e, 0x1c, 0x06, 0x20,
    0x18, 0x0a, 0xe8, 0xe9, 0x0f, 0x05, 0x30, 0x1f, 0x0b, 0xe8, 0xd9, 0x10, 0x02, 0x1f, 0x0c, 0xe8,
    0xc9, 0x20, 0x02, 0x1f, 0x0d, 0xe8, 0xb9, 0x30, 0x02, 0x18, 0x0e, 0xe8, 0xa9, 0x40, 0x06, 0xe0,
    0x18, 0x0f, 0xe8, 0x98, 0x60, 0x05, 0xf0, 0x1f, 0x10, 0xe8, 0x88, 0x70, 0x01, 0x1f, 0x11, 0xe8,
    0x79, 0x30, 0x03, 0x1f, 0x12, 0xe8, 0x68, 0x30, 0x02, 0x1f, 0x13, 0xe8, 0x58, 0x40, 0x02, 0x1f,
    0x14, 0xe8, 0x48, 0x50, 0x02, 0x1f, 0x15, 0xe8, 0x38, 0x60, 0x02, 0x1f, 0x16, 0xe8, 0x28, 0x70,
    0x02, 0x1f, 0x17, 0xe8, 0x18, 0x80, 0x02, 0x1f, 0x18, 0xe8, 0x08, 0x90, 0x02, 0xa7, 0x19, 0xe8,
    0xf8, 0xfd, 0x90, 0x01, 0x01, 0x1f, 0x1a, 0xe8, 0xe8, 0x10, 0x02, 0x1f, 0x1b, 0xe8, 0xd8, 0x20,
    0x02, 0x1f, 0x1c, 0xe8, 0xc8, 0x30, 0x02, 0x90, 0x1d, 0xe8, 0x61, 0x4e, 0x85, 0x60, 0x01, 0x18,
    0x1e, 0xe8, 0xa9, 0x4f, 0x86, 0xe0, 0x01, 0xa2, 0x1f, 0xe8, 0x98, 0xfd, 0xda, 0x2b, 0x88, 0x00,
    0xf7, 0x15, 0x88, 0x00, 0x32, 0x15, 0x80, 0x44, 0x54, 0x80, 0x80, 0x50, 0x80, 0xe1, 0x02, 0x80,
    0x35, 0x4c, 0xa0, 0x30, 0x00, 0x00, 0x00, 0x70, 0x4c, 0x7b, 0x90, 0x43, 0x44, 0x30, 0x30, 0x31,
    0x00, 0x41, 0x74, 0x74, 0x65, 0x6d, 0x70, 0x74, 0x65, 0x64, 0x20, 0x76, 0x6f, 0x6c, 0x75, 0x6d,
    0x65, 0x5f, 0x72, 0x65, 0x61, 0x64, 0x28, 0x29, 0x20, 0x6f, 0x6e, 0x20, 0x70, 0x78, 0x65, 0x00,
    0x70, 0x6d, 0x6d, 0x3a, 0x20, 0x49, 0x6e, 0x74, 0x65, 0x67, 0x65, 0x72, 0x20, 0x6f, 0x76, 0x65,
    0x72, 0x66, 0x6c, 0x6f, 0x77, 0x20, 0x69, 0x6e, 0x20, 0x6d, 0x65, 0x6d, 0x6f, 0x72, 0x79, 0x20,
    0x72, 0x61, 0x6e, 0x67, 0x65, 0x20, 0x63, 0x61, 0x6c, 0x63, 0x75, 0x6c, 0x61, 0x74, 0x69, 0x6f,
    0x6e, 0x00, 0x74, 0x66, 0x74, 0x70, 0x3a, 0x20, 0x53, 0x65, 0x72, 0x76, 0x65, 0x72, 0x20, 0x72,
    0x65, 0x74, 0x75, 0x72, 0x6e, 0x65, 0x64, 0x20, 0x7a, 0x65, 0x72, 0x6f, 0x20, 0x62, 0x79, 0x74,
    0x65, 0x73, 0x20, 0x62, 0x65, 0x66, 0x6f, 0x72, 0x65, 0x20, 0x74, 0x72, 0x61, 0x6e, 0x73, 0x66,
    0x65, 0x72, 0x20, 0x63, 0x6f, 0x6d, 0x70, 0x6c, 0x65, 0x74, 0x65, 0x00, 0x4e, 0x4d, 0x49, 0x00,
    0x53, 0x65, 0x63, 0x75, 0x72, 0x69, 0x74, 0x79, 0x00, 0x4f, 0x6c, 0x3a, 0x00, 0x6d, 0x65, 0x6e,
    0x75, 0x00, 0x4d, 0x6e, 0x7d, 0x14, 0x6d, 0x61, 0x70, 0x20, 0x65, 0x78, 0x68, 0x61, 0x75, 0x73,
    0x74, 0x65, 0x64, 0x2e, 0x00, 0x65, 0x78, 0x74, 0x5f, 0x6d, 0x65, 0x6d, 0x5f, 0x61, 0x6c, 0x6c,
    0x6f, 0x63, 0x3a, 0x20, 0x63, 0x6f, 0x75, 0x6e, 0x74, 0xa5, 0x78, 0x10, 0x73, 0x20, 0x77, 0x68,
    0x65, 0x6e, 0x20, 0x61, 0x6c, 0x69, 0x67, 0x6e, 0x69, 0x6e, 0x67, 0x00, 0x50, 0x58, 0x45, 0x4e,
    0x56, 0x2b, 0x00, 0x25, 0x73, 0x20, 0x65, 0x78, 0x63, 0x65, 0x70, 0xac, 0x60, 0x20, 0x61, 0x74,
    0x20, 0x25, 0x78, 0x2e, 0x20, 0x45, 0x72, 0x72, 0x6f, 0x88, 0x7c, 0x0b, 0x64, 0x65, 0x3a, 0x20,
    0x25, 0x78, 0x00, 0x53, 0x65, 0x67, 0x6d, 0x65, 0x6e, 0x74, 0x20, 0x6e, 0x6f, 0x74, 0x20, 0x70,
    0x72, 0x65, 0x73, 0x65, 0x6e, 0x74, 0x81, 0x01, 0x6a, 0x01, 0xe8, 0x85, 0x0d, 0x01, 0x50, 0x2e,
    0x00, 0x70, 0x78, 0x65, 0x20, 0x76, 0x65, 0x72, 0x73, 0x52, 0x78, 0x03, 0x74, 0x6f, 0x6f, 0x20,
    0x6f, 0x6c, 0x64, 0x00, 0x49, 0x6e, 0x76, 0x61, 0x6c, 0x69, 0x64, 0x20, 0x6f, 0x70, 0x57, 0x83,
    0x15, 0x01, 0x41, 0x46, 0x69, 0x6c, 0x65, 0x6e, 0x61, 0x6d, 0x65, 0x26, 0x79, 0x23, 0x6c, 0x6f,
    0x6e, 0x67, 0x20, 0x28, 0x6d, 0x61, 0x78, 0x20, 0x31, 0x32, 0x37, 0x20, 0x63, 0x68, 0x61, 0x72,
    0x73, 0x29, 0x0a, 0x00, 0x54, 0x6f, 0x6f, 0x20, 0x6d, 0x61, 0x6e, 0x79, 0x20, 0x45, 0x38, 0x32,
    0x30, 0x20, 0x65, 0x6e, 0x74, 0x72, 0x69, 0x65, 0x73, 0x21, 0x00, 0x43, 0x6f, 0x75, 0x6c, 0x64,
    0x91, 0xf8, 0x1b, 0x65, 0x6e, 0x61, 0x62, 0x6c, 0x65, 0x20, 0x41, 0x32, 0x30, 0x20, 0x6c, 0x69,
    0x6e, 0x65, 0x00, 0x53, 0x49, 0x4d, 0x44, 0x00, 0x00, 0x42, 0x72, 0x65, 0x61, 0x6b, 0x70, 0x6f,
    0x69, 0x6e, 0x74, 0x00, 0x66, 0x61, 0x74, 0x33, 0x32, 0x3a, 0x20, 0x63, 0x6c, 0x25, 0x01, 0x08,
    0x72, 0x59, 0x98, 0x69, 0x6e, 0x20, 0xd5, 0x01, 0xf1, 0x20, 0x66, 0x61, 0x69, 0x6c, 0x65, 0x64,
    0x20, 0x28, 0x63, 0x6f, 0x72, 0x72, 0x75, 0xf3, 0x01, 0xf9, 0x0c, 0x66, 0x69, 0x6c, 0x65, 0x73,
    0x79, 0x73, 0x74, 0x65, 0x6d, 0x3f, 0x29, 0x00, 0x47, 0x65, 0x6e, 0x65, 0x72, 0x61, 0x6c, 0x20,
    0x70, 0x72, 0x6f, 0x74, 0x65, 0x63, 0x20, 0x01, 0xe0, 0x66, 0x61, 0x75, 0x6c, 0x74, 0x00, 0x44,
    0x69, 0x73, 0x6b, 0x20, 0x65, 0x24, 0x01, 0x81, 0x2e, 0x01, 0xa8, 0x44, 0x72, 0x69, 0x76, 0x65,
    0x28, 0x01, 0x4c, 0x49, 0x53, 0x4f, 0x39, 0x36, 0x36, 0x30, 0x3a, 0x20, 0xed, 0xd8, 0x72, 0x6f,
    0x6f, 0x74, 0x20, 0x64, 0x69, 0x72, 0x65, 0x63, 0x74, 0x2d, 0x01, 0xe8, 0x73, 0x69, 0x7a, 0x65,
    0x00, 0x45, 0x46, 0x49, 0x20, 0x50, 0x41, 0x52, 0x54, 0x80, 0x01, 0xba, 0x20, 0x69, 0x6e, 0x73,
    0x74, 0x61, 0x6c, 0x29, 0x02, 0x33, 0x20, 0x63, 0x68, 0x65, 0x63, 0x6b, 0x95, 0x80, 0x44, 0x01,
    0xff, 0x0c, 0x3a, 0x20, 0x53, 0x75, 0x63, 0x63, 0x65, 0x73, 0x73, 0x66, 0x75, 0x6c, 0x6c, 0x79,
    0x20, 0x69, 0x6e, 0x69, 0x74, 0x69, 0x61, 0x6c, 0x69, 0x7a, 0x65, 0x64, 0x0a, 0x55, 0x02, 0x03,
    0x71, 0x69, 0x73, 0x20, 0x73, 0x65, 0x6e, 0x64, 0x69, 0x6e, 0x67, 0x20, 0x74, 0x68, 0x65, 0xc5,
    0x80, 0x92, 0x02, 0x78, 0x04, 0x73, 0x6d, 0x61, 0x6c, 0x6c, 0x65, 0x72, 0x20, 0x70, 0x61, 0x63,
    0x6b, 0x65, 0x74, 0x73, 0x20, 0x28, 0x69, 0x74, 0x28, 0xa2, 0x74, 0x20, 0x25, 0x64, 0x7a, 0x02,
    0xf9, 0x07, 0x29, 0x2c, 0x20, 0x64, 0x6f, 0x77, 0x6e, 0x6c, 0x6f, 0x61, 0x64, 0x20, 0x6d, 0x69,
    0x67, 0x68, 0x74, 0x20, 0x74, 0x61, 0x6b, 0x65, 0x89, 0x01, 0x55, 0x65, 0x72, 0x2e, 0x0a, 0x00,
    0x46, 0x41, 0x54, 0x33, 0x32, 0xd6, 0x84, 0x2f, 0x01, 0x90, 0x74, 0x6f, 0x3e, 0x01, 0x07, 0xdd,
    0x05, 0x15, 0x00, 0x46, 0x1e, 0x01, 0x50, 0x7f, 0x10, 0x73, 0x74, 0x61, 0x67, 0x65, 0x20, 0x33,
    0x2e, 0x00, 0x2f, 0x62, 0x6f, 0x6f, 0x74, 0x2f, 0x6c, 0x69, 0x6d, 0x69, 0x6e, 0x65, 0x2d, 0x62,
    0x69, 0x6f, 0x73, 0x2e, 0x73, 0x79, 0x73, 0x00, 0x10, 0x04, 0x80, 0x1b, 0x01, 0x00, 0xb4, 0x18,
    0x63, 0x6f, 0x72, 0x50, 0xb1, 0x2e, 0x0a, 0x00, 0x69, 0x73, 0x6f, 0x4c, 0x01, 0x82, 0xaa, 0x01,
    0x69, 0x62, 0x65, 0x79, 0x6f, 0x6e, 0x64, 0x20, 0x65, 0x6e, 0x64, 0x20, 0x6f, 0x66, 0xe1, 0xf9,
    0x12, 0x00, 0x1b, 0x5b, 0x33, 0x31, 0x6d, 0x50, 0x41, 0x4e, 0x49, 0x43, 0x1b, 0x5b, 0x33, 0x37,
    0x3b, 0x31, 0x6d, 0x1b, 0x5b, 0x30, 0x6d, 0x3a, 0x20, 0x00, 0x41, 0x20, 0x6e, 0x6f, 0x6e, 0x2d,
    0x75, 0x73, 0x16, 0x02, 0x8d, 0x6d, 0x27, 0x03, 0x81, 0x3b, 0x02, 0x88, 0x79, 0x2b, 0x01, 0x4b,
    0x69, 0x6e, 0x73, 0x69, 0x64, 0x65, 0x20, 0x61, 0x20, 0x24, 0x8a, 0x73, 0xdc, 0x01, 0x8c, 0x2e,
    0x54, 0x02, 0x00, 0xd6, 0x20, 0x65, 0x74, 0x65, 0x72, 0xb1, 0x11, 0x20, 0x62, 0xe5, 0x80, 0xe1,
    0x01, 0x09, 0x00, 0x6c, 0xf8, 0x02, 0x3a, 0x20, 0x00, 0x30, 0x78, 0x00, 0x50, 0x72, 0x65, 0x73,
    0x73, 0x20, 0x61, 0x20, 0x6b, 0x65, 0x79, 0x0f, 0x01, 0x82, 0xd5, 0x03, 0x00, 0xfb, 0xa8, 0x25,
    0x73, 0x2e, 0x00, 0x41, 0x61, 0x03, 0x80, 0x30, 0x03, 0x85, 0x1f, 0x04, 0x83, 0xee, 0x02, 0xa9,
    0x43, 0x6c, 0x6f, 0x73, 0x65, 0xe0, 0x01, 0x94, 0x75, 0x72, 0x02, 0x03, 0x86, 0x36, 0x01, 0xf8,
    0x0a, 0x67, 0x65, 0x74, 0x20, 0x44, 0x48, 0x43, 0x50, 0x20, 0x63, 0x61, 0x63, 0x68, 0x65, 0x64,
    0x20, 0x69, 0x6e, 0x66, 0x6f, 0x00, 0x44, 0x69, 0x76, 0x69, 0x47, 0x03, 0x79, 0x0f, 0x00, 0x30,
    0x78, 0x30, 0x00, 0x53, 0x74, 0x61, 0x63, 0x6b, 0x74, 0x72, 0x61, 0x63, 0x65, 0x3a, 0x0a, 0x00,
    0x20, 0x20, 0x5b, 0x25, 0x70, 0x5d, 0x0a, 0x00, 0x48, 0x69, 0x67, 0x68, 0xe7, 0x86, 0x8d, 0x03,
    0xb8, 0x6f, 0x72, 0x3a, 0x20, 0x4f, 0x75, 0x74, 0x2a, 0x01, 0x02, 0x19, 0x82, 0xeb, 0x03, 0x79,
    0x01, 0x20, 0x73, 0x74, 0x72, 0x75, 0x63, 0x74, 0x75, 0x72, 0x65, 0x20, 0x73, 0x69, 0x67, 0x6e,
    0x61, 0x0a, 0x85, 0xfb, 0x02, 0x01, 0xa4, 0x86, 0xba, 0x02, 0xc8, 0x4d, 0x54, 0x55, 0x20, 0x28,
    0x25, 0x75, 0x29, 0x2c, 0x9b, 0x03, 0x82, 0x4a, 0x02, 0xfa, 0x09, 0x20, 0x66, 0x6f, 0x72, 0x20,
    0x54, 0x46, 0x54, 0x50, 0x20, 0x68, 0x65, 0x61, 0x64, 0x65, 0x72, 0x73, 0x0a, 0x00, 0x42, 0x6f,
    0x75, 0x6e, 0x64, 0xf3, 0x04, 0x81, 0x45, 0x04, 0xb0, 0x65, 0x64, 0x65, 0x64, 0x00, 0x50, 0xf9,
    0x01, 0x81, 0x29, 0x03, 0x87, 0x3b, 0x02, 0x0c, 0x84, 0x5a, 0x05, 0x78, 0x04, 0x20, 0x64, 0x65,
    0x73, 0x63, 0x72, 0x69, 0x70, 0x74, 0x6f, 0x72, 0x00, 0x3f, 0x3f, 0x3f, 0x00, 0x65, 0x64, 0x69,
    0x0b, 0xef, 0x46, 0x41, 0x54, 0x00, 0x2e, 0x2f, 0x00, 0x0a, 0x00, 0x4e, 0x54, 0x46, 0x53, 0x68,
    0x04, 0x07, 0x84, 0x41, 0x01, 0xe9, 0x2e, 0x00, 0x21, 0x50, 0x58, 0x45, 0x00, 0x44, 0x65, 0x76,
    0x69, 0x63, 0x65, 0xb6, 0x01, 0xa8, 0x61, 0x76, 0x61, 0x69, 0x6c, 0x0d, 0x04, 0x85, 0x6d, 0x04,
    0xca, 0x54, 0x53, 0x53, 0x00, 0x0a, 0x21, 0x21, 0x20, 0x53, 0x8d, 0x02, 0x80, 0x1a, 0x03, 0x02,
    0x2b, 0x08, 0x66, 0xb9, 0x08, 0x21, 0x1b, 0xff, 0x01, 0x48, 0x61, 0x76, 0x65, 0x20, 0x79, 0x6f,
    0x75, 0x20, 0x63, 0x6f, 0x70, 0x69, 0x65, 0x64, 0x20, 0x99, 0x02, 0x05, 0x90, 0x74, 0x6f, 0x54,
    0x03, 0x81, 0xed, 0x02, 0x21, 0x2c, 0x20, 0x2f, 0x62, 0x07, 0x83, 0xce, 0x02, 0x22, 0x2c, 0x20,
    0x6f, 0x72, 0x13, 0x03, 0x11, 0x00, 0x50, 0x83, 0x11, 0x03, 0x80, 0xa6, 0x04, 0x80, 0xab, 0x02,
    0x98, 0x6f, 0x6e, 0x65, 0xb2, 0x02, 0x80, 0x97, 0x03, 0xa8, 0x70, 0x61, 0x72, 0x74, 0x69, 0x12,
    0x06, 0x88, 0x73, 0x4c, 0x06, 0x94, 0x74, 0x68, 0x5d, 0x02, 0x01, 0xc1, 0xa7, 0x3f, 0x0a, 0x0a,
    0x00, 0x25, 0x03, 0x05, 0x83, 0x67, 0x02, 0xe2, 0x43, 0x54, 0x52, 0x4c, 0x2b, 0x41, 0x4c, 0x54,
    0x2b, 0x44, 0x45, 0x4c, 0x7d, 0x03, 0x00, 0x38, 0x8a, 0x2e, 0x0f, 0x02, 0x92, 0x2d, 0x73, 0x9c,
    0x05, 0x82, 0x9a, 0x04, 0x86, 0x7c, 0x02, 0x82, 0x4d, 0x04, 0xa8, 0x00, 0x4d, 0x61, 0x63, 0x68,
    0xc7, 0x02, 0x01, 0x0e, 0x04, 0x61, 0x07, 0x68, 0x06, 0x9f, 0x2e, 0x2e, 0x2f, 0x68, 0x01, 0x03,
    0x02, 0xa6, 0x98, 0x64, 0x69, 0x73, 0x49, 0x06, 0x8d, 0x77, 0x1d, 0x02, 0x86, 0xad, 0x02, 0xa2,
    0x6f, 0x70, 0x65, 0x6e, 0x68, 0x04, 0x90, 0x25, 0x78, 0x06, 0x01, 0x9b, 0x62, 0x61, 0x64, 0x67,
    0x04, 0x81, 0xe5, 0x04, 0x87, 0xf4, 0x06, 0x05, 0x98, 0x71, 0x75, 0x65, 0xa1, 0x06, 0x07, 0x23,
    0x01, 0x9b, 0x20, 0x25, 0x75, 0x33, 0x02, 0xa9, 0x73, 0x20, 0x6f, 0x75, 0x72, 0x71, 0x02, 0x9f,
    0x25, 0x75, 0x0a, 0x2f, 0x04, 0x02, 0x87, 0x36, 0x04, 0x16, 0xfd, 0x04, 0x62, 0x75, 0x69, 0x6c,
    0x64, 0x20, 0x49, 0x44, 0x20, 0x6d, 0x69, 0x73, 0x6d, 0x61, 0x74, 0x63, 0x68, 0x2e, 0x0a, 0x85,
    0x05, 0x85, 0x91, 0x02, 0xc7, 0x20, 0x6d, 0x61, 0x78, 0x69, 0x6d, 0x75, 0x6d, 0x76, 0x02, 0x07,
    0xb9, 0x20, 0x73, 0x65, 0x61, 0x72, 0x63, 0x68, 0xf4, 0x01, 0x91, 0x74, 0x00, 0x78, 0x03, 0x41,
    0x5f, 0x62, 0x6c, 0x6f, 0x63, 0x6b, 0x3a, 0x20, 0x07, 0x01, 0xa9, 0x86, 0xc6, 0x03, 0x88, 0x66,
    0x8b, 0x04, 0x9d, 0x3a, 0x20, 0x61, 0x21, 0x08, 0x8a, 0x6f, 0x65, 0x03, 0x88, 0x62, 0x06, 0x03,
    0x89, 0x73, 0xa9, 0x04, 0x92, 0x00, 0x45, 0xa2, 0x04, 0x81, 0xa6, 0x03, 0xc8, 0x2e, 0x20, 0x00,
    0x43, 0x6f, 0x6e, 0x76, 0x65, 0x6e, 0x07, 0x08, 0x94, 0x61, 0x6c, 0xa6, 0x03, 0x86, 0xcb, 0x02,
    0x84, 0xec, 0x05, 0xac, 0x44, 0x6f, 0x75, 0x62, 0x6c, 0x34, 0x03, 0xe9, 0x78, 0x38, 0x37, 0x00,
    0x56, 0x69, 0x72, 0x74, 0x75, 0x61, 0x6c, 0x69, 0x73, 0x42, 0x08, 0x84, 0x0c, 0x05, 0x86, 0x30,
    0x07, 0x81, 0x42, 0x01, 0x86, 0x72, 0x03, 0xff, 0x01, 0x30, 0x31, 0x32, 0x33, 0x34, 0x35, 0x36,
    0x37, 0x38, 0x39, 0x61, 0x62, 0x63, 0x64, 0x65, 0x66, 0x1e, 0x06, 0x02, 0x82, 0xf3, 0x05, 0x88,
    0x6d, 0x62, 0x08, 0xf8, 0x00, 0x64, 0x61, 0x74, 0x61, 0x20, 0x74, 0x68, 0x61, 0x6e, 0x20, 0x65,
    0x78, 0x70, 0x65, 0x63, 0xf6, 0x03, 0x00, 0x5b, 0x87, 0xdd, 0x05, 0x07, 0x81, 0x09, 0x07, 0x02,
    0x30, 0x83, 0x69, 0x04, 0xc6, 0x20, 0x3c, 0x25, 0x73, 0x2b, 0x25, 0x70, 0x3e, 0x60, 0x01, 0xdf,
    0x20, 0x6e, 0x6f, 0x20, 0x70, 0x72, 0x69, 0x6d, 0x61, 0x72, 0x79, 0xd0, 0x03, 0x08, 0x9f, 0x21,
    0x70, 0x78, 0x67, 0x04, 0x11, 0x88, 0x52, 0x7f, 0x07, 0x84, 0x0a, 0x05, 0xa8, 0x44, 0x65, 0x62,
    0x75, 0x67, 0x59, 0x09, 0xc8, 0x5f, 0x66, 0x72, 0x65, 0x65, 0x3a, 0x20, 0x55, 0x6e, 0xa4, 0x08,
    0x80, 0x25, 0x09, 0x80, 0xc1, 0x07, 0x80, 0xb4, 0x07, 0x97, 0x25, 0x70, 0xdb, 0x08, 0x03, 0x89,
    0x5f, 0xda, 0x08, 0x88, 0x65, 0x8d, 0x01, 0x85, 0x4d, 0x01, 0x87, 0xad, 0x01, 0x04, 0xe3, 0x55,
    0x6e, 0x6b, 0x6e, 0x6f, 0x77, 0x6e, 0x00, 0x58, 0x46, 0x45, 0x52, 0xba, 0x01, 0x80, 0x0e, 0x05,
    0x81, 0xb4, 0x02, 0x90, 0x72, 0x65, 0x02, 0x06, 0xf0, 0x73, 0x20, 0x61, 0x62, 0x6f, 0x76, 0x65,
    0x20, 0x34, 0x20, 0x47, 0x69, 0x42, 0x3b, 0xb3, 0x09, 0x80, 0x2d, 0x07, 0xc1, 0x6d, 0x75, 0x73,
    0x74, 0x20, 0x75, 0x73, 0x65, 0xc6, 0x06, 0xc3, 0x5f, 0x61, 0x64, 0x64, 0x72, 0x5f, 0x36, 0x34,
    0xd6, 0x03, 0x96, 0x6c, 0x79, 0x8b, 0x01, 0xa1, 0x50, 0x61, 0x74, 0x68, 0xaa, 0x09, 0x90, 0x6f,
    0x6e, 0x53, 0x07, 0x83, 0xcb, 0x02, 0x85, 0x6c, 0x02, 0xef, 0x6c, 0x65, 0x6e, 0x67, 0x74, 0x68,
    0x00, 0x28, 0x6e, 0x75, 0x6c, 0x6c, 0x29, 0x5c, 0x05, 0x04, 0x28, 0x49, 0x50, 0x76, 0x34, 0x20,
    0x5a, 0xc9, 0x65, 0x73, 0x73, 0x3a, 0x20, 0x22, 0x25, 0x73, 0x22, 0x9d, 0x0a, 0xe8, 0x04, 0x00,
    0x08, 0x00, 0x10, 0x01, 0x02, 0x04, 0x08, 0x10, 0x20, 0x40, 0x80, 0xad, 0x0a, 0x80, 0xa5, 0x0a,
    0x20, 0x2e, 0x00, 0x00, 0x2e, 0x04, 0x08, 0x2f, 0x08, 0x4a, 0x2f, 0x00, 0x00, 0x94, 0x2d, 0x01,
    0x00, 0xea, 0x2e, 0x04, 0x12, 0x06, 0x2f, 0x08, 0x15, 0x55, 0x2f, 0x14, 0x01, 0x20, 0x7a, 0x2b,
    0x27, 0x55, 0x01, 0x00, 0x0c, 0x5a, 0x01, 0x00, 0x25, 0x51, 0x01, 0x00, 0x60, 0x52, 0x01, 0x00,
    0x32, 0x51, 0x01, 0x00, 0xc6, 0x55, 0x01, 0x00, 0xf1, 0x51, 0x01, 0x00, 0x49, 0x56, 0x01, 0x00,
    0x0d, 0x59, 0x01, 0x00, 0x10, 0x56, 0x01, 0x00, 0x5e, 0x56, 0x01, 0x00, 0xad, 0x51, 0x01, 0x00,
    0x43, 0x57, 0x01, 0x00, 0xa4, 0x52, 0x01, 0x00, 0xdb, 0x55, 0x18, 0x79, 0x02, 0x1a, 0x59, 0x01,
    0x00, 0x57, 0x57, 0x01, 0x00, 0x67, 0x57, 0x01, 0x00, 0x5a, 0x52, 0x01, 0x00, 0x1e, 0x30, 0x07,
    0x04, 0x17, 0xf8, 0x57, 0x29, 0x51, 0x01, 0x00, 0x70, 0x4e, 0x01, 0x00, 0x80, 0x4e, 0x01, 0x00,
    0x90, 0x4e, 0x01, 0x00, 0xa0, 0x4e, 0x01, 0x00, 0xb0, 0x4e, 0x01, 0x00, 0xc0, 0x4e, 0x01, 0x00,
    0xd0, 0x4e, 0x01, 0x00, 0xe0, 0x4e, 0x01, 0x00, 0xf0, 0x4e, 0x01, 0x00, 0x00, 0x4f, 0x01, 0x00,
    0x10, 0x4f, 0x01, 0x00, 0x20, 0x4f, 0x01, 0x00, 0x30, 0x4f, 0x01, 0x00, 0x40, 0x4f, 0x01, 0x00,
    0x50, 0x4f, 0x01, 0x00, 0x60, 0x4f, 0x01, 0x00, 0x70, 0x4f, 0x01, 0x00, 0x80, 0x4f, 0x01, 0x00,
    0x90, 0x4f, 0x01, 0x00, 0xa0, 0x4f, 0x01, 0x00, 0xb0, 0x4f, 0x01, 0x00, 0xc0, 0x4f, 0x01, 0x00,
    0xd0, 0x4f, 0x01, 0x00, 0xe0, 0x4f, 0x01, 0x00, 0xf0, 0x4f, 0x49, 0x38, 0xf9, 0x0a, 0x01, 0x00,
    0x10, 0x50, 0x01, 0x00, 0x20, 0x50, 0x01, 0x00, 0x30, 0x50, 0x01, 0x00, 0x40, 0x50, 0x01, 0x00,
    0x50, 0x50, 0x01, 0x00, 0x60, 0x50, 0x01, 0xe0, 0x0b, 0xa0, 0x14, 0x00, 0x00, 0x00, 0xe4, 0x68,
    0x79, 0x24, 0x47, 0x4e, 0x55, 0x00, 0xc5, 0x87, 0x74, 0x1e, 0x87, 0x51, 0xac, 0xb6, 0x19, 0x17,
    0xaf, 0x56, 0x17, 0x62, 0x55, 0xb0, 0x1a, 0x45, 0xaf, 0x2a, 0x40, 0xf0, 0x00, 0x00, 0x73, 0x70,
    0x69, 0x6e, 0x75, 0x70, 0x00, 0x4a, 0xf4, 0x00, 0x00, 0x5f, 0x5f, 0x75, 0x64, 0x69, 0x76, 0x64,
    0x69, 0x33, 0x00, 0x55, 0xf5, 0x0e, 0x18, 0x6d, 0x6f, 0x64, 0x0e, 0xc1, 0x5a, 0xf6, 0x00, 0x00,
    0x64, 0x69, 0x73, 0x6b, 0x01, 0x0c, 0x91, 0x5f, 0x73, 0xd6, 0x05, 0x23, 0x73, 0x00, 0x3e, 0xf7,
    0x16, 0xf9, 0x02, 0x63, 0x72, 0x65, 0x61, 0x74, 0x65, 0x5f, 0x69, 0x6e, 0x64, 0x65, 0x78, 0x00,
    0x60, 0xfd, 0x00, 0x00, 0x61, 0x08, 0xa9, 0x00, 0x04, 0xff, 0x00, 0x00, 0xfc, 0x08, 0x90, 0x33,
    0x5f, 0xb1, 0x09, 0xa2, 0x00, 0xf3, 0xff, 0x00, 0x82, 0x0a, 0x72, 0x5f, 0x67, 0x65, 0x74, 0x5f,
    0x6c, 0x61, 0x62, 0x65, 0x6c, 0x00, 0x14, 0x00, 0x01, 0x14, 0x01, 0x23, 0x5c, 0x5f, 0x63, 0x6f,
    0x6e, 0x74, 0x65, 0x78, 0x74, 0x00, 0x9b, 0x02, 0x17, 0x80, 0x5f, 0x05, 0x1f, 0x00, 0x87, 0x04,
    0x0f, 0x01, 0xbb, 0x5f, 0x69, 0x6e, 0x00, 0xc6, 0x09, 0x01, 0xa6, 0x04, 0x83, 0xcd, 0x0a, 0x89,
    0x5f, 0xcd, 0x0a, 0x1c, 0x00, 0xbf, 0x0a, 0x50, 0x81, 0x84, 0x04, 0x14, 0x01, 0x0b, 0x5f, 0x88,
    0x63, 0x72, 0x08, 0x28, 0x00, 0x31, 0x0b, 0x01, 0x00, 0xc4, 0x07, 0x36, 0x04, 0x17, 0x46, 0x0c,
    0x17, 0x04, 0x7e, 0x00, 0x66, 0x72, 0x6f, 0x6d, 0x5f, 0x6d, 0x61, 0x70, 0x00, 0x93, 0x0d, 0x01,
    0x00, 0x66, 0x73, 0xb1, 0x16, 0x00, 0x9c, 0x11, 0x30, 0x67, 0x75, 0x69, 0x64, 0x00, 0xa3, 0x10,
    0x01, 0xa5, 0x2a, 0x45, 0x0e, 0x01, 0x00, 0x66, 0x67, 0x08, 0x93, 0x0b, 0x01, 0x81, 0x9c, 0xf6,
    0x0e, 0x01, 0xb4, 0x04, 0x02, 0xcb, 0xa1, 0xed, 0x13, 0x01, 0x00, 0x50, 0x03, 0x80, 0xbd, 0x04,
    0x1e, 0x00, 0x29, 0x15, 0x1f, 0x88, 0x6e, 0xb3, 0x0c, 0x82, 0x3a, 0x01, 0x0e, 0xc5, 0x17, 0x02,
    0xc8, 0x15, 0x3b, 0x17, 0x28, 0x03, 0xca, 0x09, 0x6b, 0x12, 0x90, 0x70, 0x72, 0xd7, 0x0b, 0x09,
    0x7c, 0x1e, 0x39, 0x73, 0x70, 0x61, 0x63, 0x65, 0x00, 0x95, 0x2a, 0x7b, 0x17, 0x64, 0x69, 0x67,
    0x69, 0x74, 0x00, 0xa6, 0x17, 0x01, 0x00, 0x74, 0x6f, 0x75, 0x70, 0x70, 0x65, 0x72, 0x00, 0xba,
    0x17, 0x01, 0x00, 0x61, 0x62, 0x73, 0x00, 0xc9, 0x17, 0x01, 0x00, 0x73, 0x74, 0x72, 0x63, 0x70,
    0x79, 0x00, 0xec, 0x0b, 0x2a, 0x6d, 0x70, 0x00, 0x22, 0x18, 0x0b, 0x18, 0x61, 0x73, 0x65, 0x0f,
    0x0a, 0xa4, 0x0f, 0x08, 0x6e, 0x1b, 0x0b, 0xe4, 0x0c, 0x04, 0x1c, 0x11, 0x52, 0x19, 0x2b, 0x78,
    0x0a, 0x6c, 0x65, 0x6e, 0x00, 0x67, 0x19, 0x01, 0x00, 0x69, 0x6e, 0x65, 0x74, 0x5f, 0x70, 0x74,
    0x6f, 0x6e, 0x00, 0xd1, 0x19, 0x01, 0x00, 0x6d, 0x65, 0x6d, 0x5a, 0x0a, 0xf4, 0x0b, 0x31, 0x73,
    0x65, 0x74, 0x00, 0x10, 0x1a, 0x16, 0x32, 0x6d, 0x6f, 0x76, 0x65, 0x00, 0x54, 0x0c, 0x00, 0x71,
    0xd8, 0x87, 0x1a, 0x01, 0x00, 0x62, 0x63, 0x64, 0x5f, 0x74, 0x6f, 0x5f, 0x99, 0x0c, 0x21, 0xa0,
    0x1a, 0x01, 0x00, 0xb4, 0x04, 0x11, 0x11, 0xd8, 0x1a, 0x91, 0xc8, 0x74, 0x6f, 0x75, 0x69, 0x00,
    0xde, 0x1b, 0x01, 0x00, 0x70, 0x01, 0xfe, 0x0d, 0x61, 0x62, 0x73, 0x6f, 0x6c, 0x75, 0x74, 0x65,
    0x5f, 0x70, 0x61, 0x74, 0x68, 0x00, 0xaa, 0x1d, 0x01, 0x00, 0x70, 0x61, 0x6e, 0x69, 0x63, 0x00,
    0xa3, 0x1e, 0x01, 0x00, 0xa1, 0x0e, 0xce, 0x64, 0x00, 0x83, 0x21, 0x01, 0x00, 0x67, 0x70, 0x74,
    0xa4, 0x01, 0x90, 0x1a, 0x22, 0x14, 0x01, 0x89, 0x5f, 0x73, 0x04, 0x61, 0x5f, 0x6d, 0x62, 0x72,
    0x00, 0xce, 0x23, 0x01, 0x00, 0x6d, 0x62, 0x72, 0x22, 0x28, 0x69, 0x64, 0x00, 0x0e, 0x24, 0x4b,
    0x09, 0x72, 0x32, 0x1c, 0x00, 0x91, 0x2b, 0x4e, 0x01, 0x41, 0x12, 0x62, 0x79, 0x44, 0x17, 0x05,
    0x2c, 0x17, 0x05, 0x92, 0x66, 0x73, 0xc3, 0x02, 0x0f, 0x58, 0x1a, 0x06, 0x3f, 0x63, 0x6f, 0x6f,
    0x72, 0x64, 0x00, 0x98, 0x18, 0x06, 0x80, 0x66, 0x08, 0x8a, 0x5f, 0x42, 0x0b, 0xa2, 0xc3, 0x2c,
    0x01, 0x00, 0xbd, 0x01, 0x08, 0xdc, 0x27, 0x82, 0xc8, 0x01, 0x10, 0xb8, 0x31, 0x15, 0x42, 0x6e,
    0x5f, 0x73, 0x74, 0x72, 0x00, 0x0f, 0x32, 0x0c, 0x1b, 0x69, 0x00, 0xc8, 0x0a, 0x2a, 0x75, 0x69,
    0x00, 0x5f, 0x33, 0x15, 0x23, 0x78, 0x00, 0xea, 0x33, 0x40, 0x95, 0x5f, 0x73, 0x0b, 0x0b, 0xce,
    0x00, 0x8c, 0x34, 0x01, 0x00, 0x63, 0x6f, 0x6e, 0x76, 0xf9, 0x0e, 0x9a, 0x00, 0xa1, 0x35, 0x7f,
    0x01, 0x93, 0x61, 0x70, 0x2f, 0x06, 0x81, 0x95, 0x0f, 0xa1, 0x00, 0xdd, 0x35, 0x01, 0x66, 0x06,
    0x90, 0x73, 0x61, 0x4a, 0x0d, 0x9b, 0x73, 0x65, 0x5f, 0x4e, 0x0e, 0x9a, 0x00, 0x23, 0x3a, 0x6c,
    0x01, 0x02, 0x34, 0x98, 0x00, 0x54, 0x3a, 0xe2, 0x01, 0x0d, 0x69, 0x10, 0x92, 0x99, 0x3c, 0x8b,
    0x01, 0x1c, 0x72, 0x61, 0x77, 0x23, 0x9d, 0xae, 0x3c, 0x01, 0xb1, 0x06, 0x88, 0x5f, 0xd7, 0x0d,
    0x26, 0x5f, 0x74, 0x00, 0xc3, 0x14, 0x22, 0x65, 0x00, 0x3f, 0x3d, 0x0d, 0x12, 0x72, 0x65, 0x93,
    0x99, 0xb3, 0x3d, 0x01, 0x9e, 0x0f, 0x06, 0xa5, 0x0f, 0xcf, 0x12, 0x05, 0x04, 0x48, 0x08, 0xea,
    0x19, 0x87, 0xee, 0x06, 0x09, 0x1f, 0x00, 0x4f, 0x3e, 0x1a, 0x05, 0xab, 0x74, 0x79, 0x70, 0x65,
    0x5f, 0x2e, 0x07, 0x17, 0x00, 0x6a, 0x1f, 0x12, 0x90, 0x5f, 0x6d, 0x78, 0x0f, 0xa0, 0x3f, 0x40,
    0x01, 0x00, 0x19, 0x01, 0x81, 0x06, 0x02, 0x81, 0x63, 0x0c, 0x12, 0x58, 0x41, 0xb7, 0x81, 0x23,
    0x0a, 0x01, 0x51, 0x9f, 0x00, 0xc1, 0x41, 0x40, 0x01, 0x09, 0x80, 0x82, 0x04, 0x12, 0xfb, 0x42,
    0x2d, 0x9b, 0x6e, 0x65, 0x77, 0xb6, 0x03, 0x98, 0x44, 0x45, 0x01, 0xf0, 0x0f, 0xb2, 0x5f, 0x62,
    0x69, 0x6e, 0x64, 0x5f, 0x08, 0x08, 0x12, 0x00, 0x5c, 0x14, 0x82, 0x01, 0x05, 0x99, 0x21, 0x46,
    0x01, 0x00, 0x0d, 0x82, 0xd5, 0x04, 0x3a, 0xb6, 0x4a, 0x01, 0x00, 0x61, 0x32, 0x30, 0x6e, 0x1a,
    0x00, 0x02, 0x4b, 0x0e, 0x82, 0xc4, 0x0f, 0x98, 0x00, 0x44, 0x4c, 0xe0, 0x04, 0xa0, 0x6c, 0x69,
    0x62, 0x72, 0x5a, 0x05, 0xb3, 0x74, 0x73, 0x63, 0x00, 0x76, 0x4d, 0x8b, 0x01, 0xca, 0x65, 0x38,
    0x32, 0x30, 0x00, 0x06, 0x4e, 0x01, 0x00, 0xac, 0x10, 0x1b, 0x00, 0x33, 0x4e, 0x19, 0xa0, 0x69,
    0x64, 0x74, 0x00, 0xb8, 0x41, 0x83, 0x43, 0x70, 0x8c, 0x01, 0x5b, 0x70, 0x8f, 0x10, 0xf5, 0x6e,
    0x03, 0x01, 0x21, 0x0b, 0x9b, 0x08, 0x0c, 0x93, 0x10, 0x0b, 0xcf, 0x10, 0x8a, 0xcf, 0x0a, 0x6f,
    0x88, 0x9b, 0x43, 0x5e, 0x01, 0x20, 0x02, 0x3a, 0x8e, 0x89, 0xb6, 0x70, 0x00,
};
